번호,시도,시군구,골프장명,운영사,소재지주소,홀수,구분,전화,홈페이지,세그먼트,비고
1,경기,가평군,가평 베네스트G.C,삼성물산㈜,경기도 가평군 상면 둔덕말길 232,27,회원제,1577-9727,https://benestgolf.com/,,
2,경기,가평군,리앤리C.C,리앤리어드바이저스㈜,경기도 가평군 조종면 운악청계로 702-24,27,대중제,031-580-9000,https://www.leenleecc.co.kr/,,
3,경기,가평군,마이다스밸리 청평 골프클럽,(주)대교디앤에스,경기도 가평군 설악면 다락재로 73-111,18,회원제,031-589-9000,https://www.midasgolf.co.kr/,,
4,경기,가평군,베뉴지CC,부국관광㈜,경기도 가평군 가평읍 용추로 171번길 100,27,대중제,031-582-5999,,,
5,경기,가평군,썬힐G.C,(주)다함레져,경기도 가평군 조종면 운악청계로 809,36,대중제,031-585-7900,,,
6,경기,가평군,아난티클럽서울,아난티클럽서울㈜,경기도 가평군 설악면 유명로 961-34,27,회원제,031-589-3000,https://ananti.kr/ko/chord,,
7,경기,가평군,크리스탈밸리C.C,㈜한송,경기도 가평군 상면 대보간선로 602-111,18,회원제,031-589-5000,https://www.crystalvalley.co.kr/,,
8,경기,가평군,프리스틴밸리 골프클럽,(주)평산투자개발,경기도 가평군 설악면 유명로 1243-199,18,회원제,031-589-2000,https://www.pristinevalley.co.kr/,,
9,경기,고양시,1·2·3 골프장,㈜123골프클럽,경기도 고양시 덕양구 통일로 43-168,6,대중제,02-359-0123,http://123golfclub.co.kr/,,
10,경기,고양시,고양컨트리클럽,고양컨트리클럽㈜,경기도 고양시 덕양구 흥도로 304-23,9,대중제,031-960-7700,http://www.goyangcc.com/,,
11,경기,고양시,뉴코리아 컨트리클럽,신고려관광㈜,경기도 고양시 덕양구 신원2로 57,18,회원제,02-353-0091,https://www.newkoreacc.co.kr/,,
12,경기,고양시,올림픽 골프장,㈜올림픽컨트리클럽,경기도 고양시 덕양구 혜음로 301,9,대중제,031-962-0101,http://www.olympicgolf.co.kr,,
13,경기,고양시,일산스프링힐스 컨트리클럽,고양스포츠,경기도 고양시 일산동구 산황로 108,9,대중제,031-969-2000,https://www.springhills.co.kr/,,
14,경기,고양시,한양컨트리클럽,㈜한양컨트리클럽,경기도 고양시 덕양구 고양대로1643번길 164,36,회원제,031-960-6900,https://www.hanyangcc.com/,,
15,경기,고양시,한양파인컨트리클럽,(사)서울컨트리클럽,경기도 고양시 덕양구 고양대로 1591,9,대중제,031-930-9100,https://www.hypine.co.kr/,,
16,경기,광주시,강남300 컨트리클럽,강남300컨트리클럽㈜,경기도 광주시 새말길 353(목동),18,회원제,031-719-0300,https://www.kn300.com/,,
17,경기,광주시,곤지암GC,(주)디앤오,경기도 광주시 도척면 도척윗로 280,18,회원제,031-760-3555,https://www.konjiamgolfclub.co.kr/,,
18,경기,광주시,그린힐 컨트리클럽,신안개발㈜,경기도 광주시 곤지암읍 내선길 176,18,회원제,031-799-8500,https://www.shinangolf.com/club/greenhillcc,,
19,경기,광주시,남촌컨트리클럽,남촌레저개발㈜,경기도 광주시 곤지암읍 부항길 135-38,18,회원제,031-769-0333,https://www.namchoncc.co.kr/,,
20,경기,광주시,뉴서울컨트리클럽,한국문화예술위원회,경기도 광주시 삼지곡길 95(삼동),36,회원제,031-762-5672,https://www.newseoulgolf.co.kr/,,
21,경기,광주시,로제비앙GC,경기관광개발㈜,경기도 광주시 곤지암읍 오항길 180,27,대중제,031-799-6000,https://www.logebiengc.com/,,
22,경기,광주시,이스트밸리CC,청남관광㈜,경기도 광주시 곤지암읍 건업길 195,27,회원제,031-760-3800,https://www.eastvalley.co.kr/,,
23,경기,광주시,중부컨트리클럽,애경중부컨트리㈜,경기도 광주시 곤지암읍 경충대로 451,18,회원제,031-762-6588,https://www.akdjbcc.co.kr/,,
24,경기,군포시,안양컨트리클럽,삼성물산㈜,경기도 군포시 군포로364(부곡동),18,회원제,031-460-3301,https://www.anyangcc.co.kr/,,
25,경기,김포시,김포SEASIDE 컨트리클럽,해강개발㈜,경기도 김포시 월곶면 김포대로 2081번길 219,18,회원제,031-987-9992,https://www.gimpocc.co.kr/,,
26,경기,남양주시,광릉CC(비회원제),광릉레져개발㈜,경기도 남양주시 진접읍 팔야로 280,6,대중제,031-528-7400,https://www.kwangneungcc.co.kr/,,
27,경기,남양주시,광릉CC(회원제),광릉레져개발㈜,경기도 남양주시 진접읍 팔야로 280,18,회원제,031-528-7001,https://www.kwangneungcc.co.kr/,,
28,경기,남양주시,남양주CC,라미드관광㈜,경기도 남양주시 오남읍 진건오남로 516-31,9,대중제,031-529-6060,http://namyangjucc.co.kr/,,
29,경기,남양주시,비전힐스CC,㈜비젼힐스,경기도 남양주시 화도읍 마치로 226-220,18,회원제,031-595-3355,https://www.visionhillscc.co.kr/,,
30,경기,남양주시,양주 컨트리클럽,근영농산㈜,경기도 남양주시 화도읍 북한강로 1525-52,18,회원제,031-592-6060,http://www.yangjucc.co.kr/,,
31,경기,남양주시,해비치 컨트리클럽,해비치컨트리클럽㈜,경기도 남양주시 화도읍 재재기로 190번길 160,18,회원제,031-579-3000,https://www.haevichi.com/ccseoul/ko/,,
32,경기,동두천시,티클라우드컨트리클럽,㈜제이레저,경기도 동두천시 평화로 3202,18,회원제,031-869-7777,http://www.teecloud.kr/,,
33,경기,성남시,남서울컨트리클럽,경원건설㈜,경기도 성남시 분당구 판교백현로 161,18,회원제,031-709-6000,https://nscc.co.kr/,,
34,경기,시흥시,솔트베이 골프클럽,㈜성담,경기도 시흥시 마유로 987 (장곡동),18,대중제,031-400-0000,https://www.saltbay.co.kr/,,
35,경기,시흥시,아세코밸리골프클럽,㈜아세코,경기도 시흥시 마전로 307 (거모동),9,대중제,031-488-8000,https://www.asecovalley.co.kr/,,
36,경기,안산시,더헤븐 컨트리클럽,㈜더헤븐리조트,경기도 안산시 단원구 대선로466(대부남동),27,대중제,032-884-1004,http://www.islandresort.co.kr/,,
37,경기,안산시,제일컨트리클럽,㈜제일스포츠센타,경기도 안산시 상록구 태마당로28(부곡동),27,회원제,031-400-2500,https://www.jaeil-cc.co.kr/,,
38,경기,안성시,골프존카운티 안성H,㈜골프존카운티,경기도 안성시 보개면 보삼로 302,18,대중제,031-8056-0700,https://www.golfzoncounty.com/golfclub/main?golfclubSeq=53,,
39,경기,안성시,골프존카운티 안성W,㈜골프존카운티,경기도 안성시 양성면 교동길 19-70,18,대중제,031-670-0500,https://www.golfzoncounty.com/ansung_w/main,,
40,경기,안성시,골프클럽Q,골프클럽큐레저산업 주식회사,경기도 안성시 죽산면 장계길 20-229,18,대중제,031-8046-7000,https://www.golfclubq.com/,,
41,경기,안성시,마에스트로 CC,천원종합개발 주식회사,경기도 안성시 양성면 안성맞춤대로 2134-36,18,대중제,031-8046-1000,http://www.maestrocc.co.kr/,,
42,경기,안성시,신안 퍼블릭 CC,신안종합레져㈜,경기도 안성시 고삼면 개울말길 149,9,대중제,031-8046-0801,https://www.shinangolf.com/,,
43,경기,안성시,신안컨트리클럽,신안종합레져㈜,경기도 안성시 고삼면 개울말길 149,18,회원제,031-8046-0777,https://www.shinangolf.com/,,
44,경기,안성시,안성베네스트G.C,삼성물산㈜,경기도 안성시 금광면 삼흥로 660,27,회원제,031-670-0777,https://rnc.samsungcnt.com/business/golf/ansung/index.html,,
45,경기,안성시,안성베네스트골프클럽 일반대중홀,삼성물산㈜,경기도 안성시 금광면 삼흥로 660,9,대중제,031-670-0777,https://rnc.samsungcnt.com/business/golf/ansung/index.html,,
46,경기,안성시,안성컨트리클럽,㈜한일,경기도 안성시 죽산면 걸미로 487,18,회원제,031-674-9111,https://www.ansungcc.co.kr/,,
47,경기,안성시,에덴블루 컨트리클럽,죽산개발㈜,경기도 안성시 죽산면 녹배길 175,27,대중제,031-678-7000,https://www.edenblue.co.kr/,,
48,경기,안성시,윈체스트 골프클럽 대중,㈜다림개발,경기도 안성시 서운면 오촌길 97-31,18,대중제,031-678-9000,https://www.winchestgc.co.kr/,,
49,경기,안성시,이글몬트CC,주식회사 지씨에이치피,경기도 안성시 보개면 보삼로 106,27,대중제,031-288-0900,https://www.golfzoncounty.com/,,
50,경기,안성시,파인크리크C.C,㈜동양레저,경기도 안성시 양성면 안성맞춤대로 2417-13,27,대중제,031-670-0114,http://www.tyleisure.co.kr/02_pine/main_sub.jsp,,
51,경기,안성시,포웰CC 안성,엔에이치투자증권㈜,경기도 안성시 양성면 약산길 67-6,18,대중제,031-612-6000,https://as.4wellcc.com/,,
52,경기,안성시,한림안성,일송개발㈜,경기도 안성시 양성면 양성로 349-61,9,대중제,031-671-7153,https://ansung.hanlimgolf.co.kr,⭐T1,
53,경기,양주시,레이크우드 골프장(비회원제),로얄개발㈜,경기도 양주시 만송로 244,9,비회원제,031-820-1500,https://lakewood.co.kr/,,
54,경기,양주시,레이크우드 골프장(회원제),로얄개발㈜,경기도 양주시 만송로 244,27,회원제,031-820-1500,https://lakewood.co.kr/,,
55,경기,양주시,송추 컨트리클럽,㈜티에스개발,경기도 양주시 광적면 쇠장이길 435,18,회원제,031-871-9410,https://www.songchoo.co.kr/,,
56,경기,양평군,더스타휴 컨트리클럽,(주)한창산업개발,경기도 양평군 양동면 양동로 756,18,회원제,031-770-9900,https://www.thestarhue.com/,,
57,경기,양평군,양평TPC GC,대지개발㈜,경기도 양평군 지평면 대평평장길 113-8,27,대중제,031-772-3000,https://www.tpcgolf.co.kr/,,
58,경기,여주시,360도 컨트리클럽,제이타우젠트㈜,경기도 여주시 강천면 부평로 609,18,대중제,031-880-3600,https://www.360cc.co.kr/,,
59,경기,여주시,ROUTE52CC,케이알레저㈜,경기도 여주시 북내면 중암1길 36,18,대중제,031-882-0052,https://www.route52cc.com/,,
60,경기,여주시,YJC골프클럽,와이제이씨 주식회사,경기도 여주시 월평로 78,27,회원제,031-883-7000,https://www.yeojoocc.co.kr/,,
61,경기,여주시,금강컨트리클럽(대중),(주)금강레저,경기도 여주시 가남읍 여주남로 541,9,대중제,031-880-6000,https://www.kccgolf.co.kr/,,
62,경기,여주시,금강컨트리클럽(회원),(주)금강레저,경기도 여주시 가남읍 여주남로 541,18,회원제,031-880-6000,https://www.kccgolf.co.kr/,,
63,경기,여주시,남여주대중골프장,남여주레저개발㈜,경기도 여주시 가여로 532,27,대중제,031-880-6700,https://www.namyeoju.co.kr/,,
64,경기,여주시,렉스필드 컨트리클럽(비회원),(주)렉스필드컨트리클럽,경기도 여주시 산북면 광여로 1115,9,비회원제,031-880-8700,https://www.rexfield.com/,,
65,경기,여주시,렉스필드 컨트리클럽(회원),(주)렉스필드컨트리클럽,경기도 여주시 산북면 광여로 1115,18,회원제,031-880-0300,https://www.rexfield.com/,,
66,경기,여주시,블루헤런G.C,블루헤런㈜,경기도 여주시 대신면 고달사로 67,18,회원제,031-880-0700,https://www.blueheron.co.kr/,,
67,경기,여주시,빅토리아일반대중골프장,에스비레져㈜,경기도 여주시 가남읍 송삼로 191,9,대중제,031-883-0111,http://www.victoriagc.co.kr/,,
68,경기,여주시,세라지오GC,(주)신한은행,경기도 여주시 여양로 530,18,대중제,031-887-8700,,,
69,경기,여주시,소피아그린,더케이소피아그린㈜,경기도 여주시 점동면 소피아그린길 84,27,대중제,031-887-8100,https://www.sophiagreen.co.kr/,,
70,경기,여주시,솔모로골프장,(주)한일레저,경기도 여주시 가남읍 솔모로그린길 171,36,회원제,031-880-7000,https://www.solmoro.com/,,
71,경기,여주시,스카이밸리골프장(비회원),㈜이지아이레저,경기도 여주시 북내면 운촌길 254,18,대중제,031-880-8800,https://www.skyvalley.co.kr/,,
72,경기,여주시,스카이밸리골프장(회원),㈜이지아이레저,경기도 여주시 북내면 운촌길 254,18,회원제,031-880-8800,https://www.skyvalley.co.kr/,,
73,경기,여주시,신라컨트리클럽,㈜신라레저,경기도 여주시 북내면 신라그린길 84,27,대중제,031-886-3030,https://shilla.kmhleisure.com/,,
74,경기,여주시,아리지 골프장,㈜아리지,경기도 여주시 가남읍 아리지그린길 68,27,대중제,031-887-5678,https://www.ariji.co.kr/,,
75,경기,여주시,여주썬밸리 컨트리클럽,동광레저㈜,경기도 여주시 강천면 강문로 872,9,대중제,031-887-5300,https://www.sunvalley.co.kr/yeoju/golf/intro,,
76,경기,여주시,이포골프장,보광개발㈜,경기도 여주시 금사면 장흥로 416,18,회원제,031-886-8100,https://www.ipocc.com/,,
77,경기,여주시,자유컨트리클럽,㈜조선호텔앤리조트 레져,경기도 여주시 가남읍 자유그린길 69,36,회원제,031-887-7700,https://www.jayucc.co.kr/,,
78,경기,여주시,캐슬파인골프클럽,캐슬파인리조트㈜,경기도 여주시 강천면 부평로 580,18,대중제,031-880-8656,https://www.castlepine.co.kr/,,
79,경기,여주시,페럼클럽,㈜페럼인프라,경기도 여주시 점동면 점동로 181,18,대중제,031-887-7000,,,
80,경기,여주시,해슬리나인브릿지 컨트리클럽,CJ대한통운㈜,경기도 여주시 명품1로 76,18,회원제,031-887-9900,https://www.haesley.com/,,
81,경기,연천군,자유로컨트리클럽,백학관광개발원㈜,경기도 연천군 백학면 노아로297번길 179-55,27,대중제,031-839-1500,https://www.jayurocc.com/,,
82,경기,용인시,골드컨트리클럽,기흥관광개발㈜,경기도 용인시 기흥구 기흥단지로 398,36,회원제,031-286-8111,https://www.gakorea.com/gold/index.asp,,
83,경기,용인시,국가보훈부 88골프장,88관광개발㈜,경기도 용인시 기흥구 석성로 521번길 169,36,회원제,1577-8871,https://www.88countryclub.co.kr/,,
84,경기,용인시,글렌로스 골프클럽,삼성물산㈜,경기도 용인시 처인구 포곡읍 에버랜드로 562번길 69,9,대중제,031-320-9601,https://rnc.samsungcnt.com/business/golf/glen/index.html,,
85,경기,용인시,남부컨트리클럽,금보개발㈜,경기도 용인시 기흥구 사은로 163,18,회원제,031-280-4100,https://www.namboocc.co.kr/,,
86,경기,용인시,레이크사이드CC(대중제),㈜서울레이크사이드,경기도 용인시 처인구 모현읍 능원로 181,36,대중제,031-334-2111,https://www.lakesidecc.co.kr/,,
87,경기,용인시,레이크사이드CC(회원제),㈜서울레이크사이드,경기도 용인시 처인구 모현읍 능원로 181,18,회원제,031-334-2111,https://www.lakeside.kr/,,
88,경기,용인시,블루원용인CC(비회원제),㈜블루원,경기도 용인시 처인구 원삼면 보개원삼로 1534번길 40,9,대중제,1899-1888,https://yi.blueone.com/,,
89,경기,용인시,블루원용인CC(회원제),㈜블루원,경기도 용인시 처인구 원삼면 보개원삼로 1534번길 40,18,회원제,1899-1888,https://yi.blueone.com/,,
90,경기,용인시,석천CC,석천씨씨㈜,경기도 용인시 처인구 백암면 황새울로 255,9,대중제,031-332-3323,https://www.yongincc.com/,,
91,경기,용인시,세현CC,㈜세현씨씨,경기도 용인시 처인구 이동읍 백자로 450,18,대중제,031-670-8800,https://www.sehyeoncc.com/,,
92,경기,용인시,수원컨트리클럽,㈜삼흥,경기도 용인시 기흥구 중부대로 495,36,회원제,031-281-6613,https://www.suwoncc.co.kr/,,
93,경기,용인시,신원CC,㈜일신레져,경기도 용인시 이동읍 이원로 225,27,회원제,031-333-1800,https://www.swcc.co.kr/,,
94,경기,용인시,써닝포인트 컨트리클럽,㈜에스엘케이,경기도 용인시 처인구 백암면 고안로 51번길 205,18,대중제,031-329-0800,http://www.sunningpoint.com,,
95,경기,용인시,아시아나컨트리클럽,금호리조트㈜,경기도 용인시 처인구 양지면 양대로 290,36,회원제,031-334-8800,https://www.asianacc.co.kr/,,
96,경기,용인시,양지파인골프클럽,미래개발㈜,경기도 용인시 처인구 양지면 남평로 112,27,대중제,031-329-9500,https://www.pineresort.com/,,
97,경기,용인시,용인CC,㈜용인씨씨,경기도 용인시 처인구 백암면 황새울로 255,9,대중제,031-332-3323,https://www.yongincc.com/,,
98,경기,용인시,은화삼컨트리클럽,은화삼컨트리클럽㈜,경기도 용인시 처인구 백옥대로 860-38,18,회원제,031-335-8255,https://www.ehscc.co.kr/,,
99,경기,용인시,지산컨트리클럽,지산리조트㈜,경기도 용인시 처인구 원삼면 죽양대로 2000번길 60,27,회원제,031-330-1400,http://www.jisangolf.com/,,
100,경기,용인시,지산퍼블릭,지산리조트㈜,경기도 용인시 처인구 원삼면 죽양대로 2100번길 60,9,대중제,031-330-1400,https://www.jisanresort.co.kr/,,
101,경기,용인시,코리아대중CC,㈜지에이코리아,경기도 용인시 기흥구 기흥단지로 224,9,대중제,031-286-9500,https://www.gakorea.com/,,
102,경기,용인시,코리아컨트리클럽,뉴경기관광㈜,경기도 용인시 처인구 이동읍 기흥단지로 579,27,회원제,031-334-7111,https://www.gakorea.com/korea/club/club.asp,,
103,경기,용인시,태광컨트리클럽(대중제),㈜티시스,경기도 용인시 기흥구 흥덕4로 77,9,대중제,1877-6001,https://www.taekwangcc.co.kr/,,
104,경기,용인시,태광컨트리클럽(회원제),㈜티시스,경기도 용인시 기흥구 흥덕4로 77,27,회원제,1877-6001,https://www.taekwangcc.co.kr/,,
105,경기,용인시,플라자CC,한화호텔앤드리조트㈜,경기도 용인시 처인구 남사읍 봉무로 153번길 79,36,회원제,031-323-3200,https://www.plazacc.co.kr/,,
106,경기,용인시,한림용인CC,이병진,경기도 용인시 처인구 남사읍 경기동로 628,27,대중제,031-336-8350,https://yongin.hanlimgolf.co.kr,⭐T1,
107,경기,용인시,한성컨트리클럽,한성관광개발㈜,경기도 용인시 기흥구 구교동로 151,27,회원제,031-284-3831,http://www.hansung-cc.co.kr/,,
108,경기,용인시,한원컨트리클럽,㈜한원컨트리클럽,경기도 용인시 처인구 남사읍 전나무골길2번길 94,27,회원제,031-379-8111,https://hanwoncc.co.kr/,,
109,경기,용인시,해솔리아 컨트리클럽,해솔리아컨트리클럽㈜,경기도 용인시 처인구 이동읍 백자로 369,27,대중제,031-321-7755,https://www.haesoliacc.co.kr/,,
110,경기,용인시,화산컨트리클럽,화산개발㈜,경기도 용인시 처인구 이동읍 화산로 239,18,회원제,031-329-7114,http://www.hwasancc.com/,,
111,경기,이천시,뉴스프링빌골프장,㈜동승골프앤리조트,경기도 이천시 모가면 사실로 527번길 158,36,회원제,031-630-7500,,,
112,경기,이천시,뉴스프링빌골프장(대중형),㈜동승골프앤리조트,경기도 이천시 모가면 사실로 527번길 158,9,대중제,031-630-7500,,,
113,경기,이천시,더반 골프클럽,㈜명문투자개발,경기도 이천시 대월면 대월로 627-141,9,대중제,031-645-6100,https://www.theban.co.kr/,,
114,경기,이천시,더크로스비골프클럽,(주)호법포레,경기도 이천시 호법면 중부대로798번길 177,27,대중제,031-730-8600,https://www.thecrosbygc.co.kr/,,
115,경기,이천시,마이다스레이크 이천 골프&리조트,(주)대교디앤에스,경기도 이천시 설성면 설가로 602,27,대중제,031-640-0123,https://www.midasgolf.co.kr/,,
116,경기,이천시,블랙스톤골프장(대중형),㈜블랙스톤리조트 이천,경기도 이천시 장호원읍 장여로 459-160,9,대중제,031-630-0703,https://www.blackstoneresort.com/ic/aboutList,,
117,경기,이천시,블랙스톤골프장(회원제),㈜블랙스톤리조트 이천,경기도 이천시 장호원읍 장여로 459-160,18,회원제,031-643-2000,https://www.blackstoneresort.com/ic/main.asp,,
118,경기,이천시,비에이비스타골프장(회원),삼풍관광㈜,경기도 이천시 모가면 어농로 272,41,회원제,031-636-3577,https://www.bavista.co.kr/,,
119,경기,이천시,비에이비스타컨트리클럽(비회원),삼풍관광㈜,경기도 이천시 모가면 어농로 272,18,대중제,031-636-3577,https://www.bavista.co.kr/,,
120,경기,이천시,사우스스프링스C.C,㈜사우스스프링스,경기도 이천시 모가면 공원로 64,18,대중제,031-630-7000,https://www.sscc.co.kr/,,
121,경기,이천시,에이치원 클럽,호반써밋㈜,경기도 이천시 호법면 장자터로 115,18,회원제,031-640-8114,https://www.h1club.co.kr/,,
122,경기,이천시,웰링턴컨트리클럽,효성중공업㈜,경기도 이천시 모가면 사실로 725번길 119-73,27,회원제,031-645-1800,https://www.wellingtoncc.co.kr/,,
123,경기,이천시,이천실크밸리골프클럽,이천실크밸리㈜,경기도 이천시 율면 임오산로 296,27,대중제,031-639-0077,https://silkvalleygc.co.kr/,,
124,경기,파주시,노스팜 컨트리클럽,㈜노스팜,경기도 파주시 광탄면 쇠장이길 265,18,대중제,031-950-6900,https://www.npcc.co.kr/,,
125,경기,파주시,베스트밸리 골프클럽,㈜베스트밸리골프클럽,경기도 파주시 광탄면 장지산로200번길 32-41,9,대중제,031-950-7777,https://www.bestvalleygc.com/,,
126,경기,파주시,서서울 컨트리클럽,호반서서울㈜,경기도 파주시 광탄면 혜음로 324,18,회원제,031-943-0040,https://www.seoseoul.co.kr/,,
127,경기,파주시,서원밸리 골프장,서원레저㈜,경기도 파주시 광탄면 서원길 333,18,회원제,031-940-9400,https://www.seowongolf.co.kr/valley/main,,
128,경기,파주시,서원힐스 골프장,서원레저㈜,경기도 파주시 광탄면 서원길 333,27,대중제,031-940-9400,https://www.seowongolf.co.kr/,,
129,경기,파주시,스마트KU 골프 파빌리온,학교법인 건국대학교,경기도 파주시 법원읍 보광로 1616,27,대중제,031-930-1600,https://kugolf.co.kr/,,
130,경기,파주시,타이거CC 골프장,(주)타이거레저,경기도 파주시 법원읍 술이홀로 1803,18,대중제,031-958-8900,https://www.tigercc.co.kr/,,
131,경기,파주시,파주 J-Public 골프장,㈜포스코와이드,경기도 파주시 조리읍 장곡로 100,6,대중제,031-8071-0808,http://www.jpublic.co.kr/,,
132,경기,파주시,파주컨트리클럽,㈜파주컨트리클럽,경기도 파주시 법원읍 화합로 306,18,대중제,031-959-9999,https://paju.kxleisure.com/,,
133,경기,포천시,라싸 골프클럽,라싸디벨로프먼트㈜,경기도 포천시 이동면 제비울2길 161,27,대중제,031-538-0600,https://www.lassagc.com/,,
134,경기,포천시,몽베르 컨트리클럽(비회원제),몽베르컨트리클럽㈜,경기도 포천시 영북면 산정호수로 359-13,18,대중제,031-531-1100,https://www.montvertcc.com/,,
135,경기,포천시,몽베르 컨트리클럽(회원제),몽베르컨트리클럽㈜,경기도 포천시 영북면 산정호수로 359-12,18,회원제,031-531-1100,https://www.montvertcc.com/,,
136,경기,포천시,베어크리크골프클럽,㈜삼보개발,경기도 포천시 화현면 달인동로 35,36,대중제,031-539-5700,https://www.bearcreek.co.kr/,,
137,경기,포천시,샴발라 컨트리클럽,㈜샴발라,경기도 포천시 군내면 청군로 2856-93,18,대중제,031-538-0508,https://www.shambhalacc.co.kr/,,
138,경기,포천시,일동레이크 골프클럽,농심개발㈜,경기도 포천시 일동면 화동로 738,18,회원제,031-539-5900,https://ildonglakes.co.kr/,,
139,경기,포천시,일동레이크대중제골프장,농심개발㈜,경기도 포천시 일동면 화동로 738,12,대중제,031-539-5900,https://ildonglakes.co.kr/,,
140,경기,포천시,참밸리 컨트리클럽,㈜참빛글로벌이앤씨,경기도 포천시 삼육사로 1982,18,대중제,031-538-0333,https://charmvalley.cc/,,
141,경기,포천시,포레스트힐 컨트리클럽,화현개발㈜,경기도 포천시 화현면 봉화로 253,24,대중제,031-530-8000,https://www.foresthill.kr/,,
142,경기,포천시,포천아도니스 C.C,㈜아도니스,경기도 포천시 신북면 포천로 2499,27,회원제,031-530-9100,,,
143,경기,포천시,포천아도니스 대중골프장,㈜아도니스,경기도 포천시 신북면 포천로 2499,9,대중제,031-530-9100,https://www.adoniscc.co.kr/,,
144,경기,포천시,포천힐스 컨트리클럽,㈜한경엘앤디,경기도 포천시 군내면 반월산성로 375번길 34,27,대중제,031-538-7000,https://www.fortunehills.co.kr/,,
145,경기,포천시,푸른솔 골프클럽 포천,유진레저,경기도 포천시 가산면 금우로276,27,대중제,031-850-3000,https://www.purunsol.co.kr/,,
146,경기,포천시,필로스 골프클럽,㈜선운,경기도 포천시 일동면 운악청계로 1507,27,대중제,031-539-8900,https://www.philosgc.com/,T2?,
147,경기,포천시,힐마루 골프앤리조트 포천,㈜동훈,경기도 포천시 영중면 금화봉 4길 77-1,45,대중제,1577-6632,https://pocheon.hillmaru.com/,,
148,경기,하남시,캐슬렉스골프클럽,㈜캐슬렉스서울,경기도 하남시 감이로 317(감이동),18,회원제,02-480-5600,http://www.castlexseoul.com/,,
149,경기,화성시,기흥컨트리클럽,삼남개발㈜,경기도 화성시 풀무골로106번길 244,36,회원제,031-376-4001,https://www.ghcc.kr/,,
150,경기,화성시,라비돌컨트리클럽,㈜라비돌,경기도 화성시 정남면 세자로 286,9,대중제,031-350-4700,http://www.laviedor.com/,,
151,경기,화성시,리베라컨트리클럽,㈜관악,경기도 화성시 중리길 183,36,회원제,031-8047-8000,https://www.shinangolf.com/,,
152,경기,화성시,링크나인골프클럽,㈜금당개발,경기도 화성시 마도면 해운로630번길 49,9,대중제,031-831-0900,https://www.linknine.co.kr/,,
153,경기,화성시,발리오스컨트리클럽(비회원제),신창기업㈜,경기도 화성시 팔탄면 3.1만세로 641-28,9,비회원제,031-352-5061,https://baliosgc.com/,,
154,경기,화성시,발리오스컨트리클럽(회원제),신창기업㈜,경기도 화성시 팔탄면 3.1만세로 641-28,18,회원제,031-352-5061,https://baliosgc.com/,,
155,경기,화성시,화성 상록G.C,공무원연금공단,경기도 화성시 풀무골로60번길 80,27,대중제,031-371-0100,https://www.sangnokresort.co.kr/M050000,,
156,경기,화성시,화성골프클럽,㈜리더스,경기도 화성시 남양읍 화성로 1393-27,9,대중제,031-369-8900,http://www.hwaseonggc.com/,,
157,강원,강릉시,메이플비치골프&리조트,원익엘앤디㈜,강릉시 강동면 풍호길 300-78,18,대중제,033-650-0000,https://www.maplebeach.co.kr/,,
158,강원,강릉시,샌드파인골프클럽,㈜승산,강릉시 저동등길 53(저동),18,회원제,1644-3001,https://lakaisandpine.co.kr/,,
159,강원,고성군,설악썬밸리컨트리클럽,㈜동광개발,고성군 죽왕면 순포로 188,27,대중제,033-638-5362,https://www.sunvalley.co.kr/seorak/,,
160,강원,고성군,소노펠리체 컨트리클럽 델피노,㈜소노인터내셔널,고성군 토성면 미시령옛길 1153,18,대중제,1644-0063,https://www.sonofelicecc.com/dp,,
161,강원,고성군,파인리즈컨트리클럽,(주)에이치제이매그놀리아용평파인리즈골프앤리조트,고성군 토성면 잼버리동로 267,27,대중제,1577-6399,http://www.pineridge.co.kr,,
162,강원,삼척시,블랙밸리컨트리클럽,블랙밸리컨트리클럽㈜,삼척시 도계읍 도상로 307-84,18,대중제,033-540-5301,https://www.blackcc.co.kr/,,
163,강원,삼척시,파인밸리컨트리클럽,㈜동양레저,삼척시 근덕면 미근로 1629,18,대중제,033-573-0874,https://www.tyleisure.co.kr/,,
164,강원,속초시,설악프라자컨트리클럽,한화호텔앤드리조트㈜,속초시 미시령로2983번길 56-20,18,회원제,033-630-5511,https://www.plazacc.co.kr/,,
165,강원,속초시,영랑호컨트리클럽,㈜신세계센트럴 영랑호리조트,속초시 영랑호반길 170,9,대중제,033-633-0001,https://www.yrhresort.com/,,
166,강원,양양군,설해원,㈜새서울레저,양양군 손양면 공항로 230,27,대중제,033-670-7700,https://www.seolhaeone.com/,,
167,강원,양양군,설해원더 레전드 코스,㈜새서울레저,양양군 손양면 공항로 230,18,대중제,033-670-7700,https://www.seolhaeone.com/golf/list.do,,
168,강원,영월군,동강시스타 골프장,에스엠하이플러스㈜,영월군 영월읍 사지막길 160,18,대중제,033-905-2000,https://cistar.kr/,,
169,강원,원주시,Oak Hills컨트리클럽,에이치디씨리조트주식회사,원주시 지정면 오크밸리2길 58,18,회원제,1588-7676,https://oakvalley.co.kr/,,
170,강원,원주시,동서울레스피아,㈜동서울컨트리클럽,원주시 지정면 신평석화로 236,9,대중제,033-732-3700,,,
171,강원,원주시,성문안 컨트리클럽,에이치디씨리조트주식회사,원주시 지정면 월송석화로 431,18,비회원제,1588-7676,http://seongmunan.com/,,
172,강원,원주시,센추리21컨트리클럽,센추리개발㈜,원주시 문막읍 궁말길 193,18,회원제,033-733-1000,https://www.century21cc.co.kr/,,
173,강원,원주시,센추리21컨트리클럽Ⅱ,센추리개발㈜,원주시 문막읍 궁말길 193,18,대중제,033-733-1000,https://www.century21cc.co.kr/,,
174,강원,원주시,센추리21퍼블릭,센추리개발㈜,원주시 문막읍 궁말길 193,9,대중제,033-733-1000,https://www.century21cc.co.kr/,,
175,강원,원주시,오로라 골프 앤 리조트,㈜구학파크랜드,원주시 신림면 구학산로 1520,18,대중제,033-810-8800,https://auroragolfnresort.co.kr/,,
176,강원,원주시,오크밸리회원제골프장,에이치디씨리조트주식회사,원주시 지정면 오크밸리1길 66,36,회원제,1588-7676,https://oakvalley.co.kr/,,
177,강원,원주시,월송리 컨트리클럽,에이치디씨리조트주식회사,원주시 지정면 오크밸리2길 250,18,대중제,1588-7676,https://oakvalley.co.kr/,,
178,강원,원주시,인터불고원주골프클럽,㈜호텔인터불고 원주,원주시 동부순환로 200(반곡동),9,비회원제,033-769-8280,https://ibgolfclub.com/,,
179,강원,원주시,파크밸리골프클럽,강원레저개발㈜,원주시 소초면 바우실길 281,18,대중제,033-744-4000,https://www.parkvalley.co.kr/,,
180,강원,정선군,에콜리안정선골프장,정선군국민체육진흥공단,정선군 신동읍 새골길 112-49,9,대중제,033-378-7514,http://js.ecolian.or.kr/,,
181,강원,정선군,하이원컨트리클럽,㈜강원랜드,정선군 고한읍 고한7길 399,18,대중제,033-590-7300,https://www.high1.com/golf/index.do,,
182,강원,철원군,한탄강컨트리클럽,㈜귀뚜라미랜드,철원군 갈말읍 순담길 59,18,대중제,033-455-1234,,,
183,강원,춘천시,남춘천컨트리클럽,㈜엠디아이레저개발,춘천시 신동면 오봉길 156,18,대중제,033-269-3000,https://www.namchuncheon.co.kr/,,
184,강원,춘천시,더플레이어스 골프클럽,주식회사 플레이어스골프클럽,춘천시 동산면 새술막길 438,27,대중제,033-250-5000,https://www.clubd.com/theplayers/index.do,,
185,강원,춘천시,라데나골프클럽,두산큐벡스㈜,춘천시 신동면 칠전동길 72,27,회원제,033-260-1114,https://www.ladena.co.kr/,,
186,강원,춘천시,라비에벨컨트리클럽,코오롱글로벌㈜ (김정일)그린나래㈜,춘천시 동산면 종자리로 436,36,대중제,033-245-7100,http://www.lavieestbellegolfnresort.com/,,
187,강원,춘천시,로드힐스골프클럽,신영종합개발㈜,춘천시 동산면 종자리로 148-16,27,대중제,033-269-8888,https://lordhills.co.kr/,,
188,강원,춘천시,베어크리크 춘천,삼보개발(주),춘천시 신동면 김유정로 730,18,대중제,1899-0115,https://bearcreek.co.kr/AboutChuncheon/ClubInfo.aspx,,
189,강원,춘천시,스프링베일리조트,㈜춘천골프아카데미,춘천시 동면 금베이길 93-27,9,대중제,033-254-7900,http://www.springvale.co.kr/,,
190,강원,춘천시,엘리시안 강촌컨트리클럽,지에스건설㈜,춘천시 남산면 북한강변길 688,27,회원제,1588-2299,https://www.elysian.co.kr/,,
191,강원,춘천시,오너스골프클럽,강촌칼론골프클럽㈜,춘천시 남산면 동촌로 667,18,대중제,033-260-1900,https://www.ownersgc.co.kr/,,
192,강원,춘천시,제이드팰리스 골프클럽,한화솔루션㈜,춘천시 남산면 경춘로 212-30,18,회원제,033-260-8000,https://www.jadepalacegc.com/,,
193,강원,춘천시,파가니카컨트리클럽,㈜레저플러스,춘천시 남면 소주고개로 145-10,18,대중제,033-261-6556,https://paganica.kmhleisure.com/,,
194,강원,춘천시,휘슬링락컨트리클럽,㈜티시스,춘천시 남산면 동촌로 501,27,회원제,033-269-2101,https://www.whistlingrockcc.com/Ko/,,
195,강원,태백시,O2리조트 골프장,㈜오투리조트,태백시 서학로 861,18,대중제,033-580-7777,https://www.o2resort.com/GLF/ccGuide.jsp,,
196,강원,태백시,O2리조트 퍼블릭골프장,㈜오투리조트,태백시 서학로 861,9,대중제,033-580-7777,https://www.o2resort.com/GLF/ccGuide.jsp,,
197,강원,평창군,알펜시아 700골프클럽,㈜레저플러스,평창군 대관령면 솔봉로 325,18,대중제,033-339-3300,https://www.alpensia.com/golf/main.do,,
198,강원,평창군,알펜시아컨트리클럽,㈜레저플러스,평창군 대관령면 솔봉로 325,27,회원제,033-339-3300,https://www.alpensia.com/golf/main.do,,
199,강원,평창군,용평리조트골프클럽,모나용평㈜,평창군 대관령면 올림픽로 715,18,회원제,1522-3111,https://www.yongpyong.co.kr/kor/golf/appointment/appointmentInfo.do,,
200,강원,평창군,용평리조트대중골프장,모나용평㈜,평창군 대관령면 올림픽로 715,9,대중제,1522-3111,https://www.yongpyong.co.kr/kor/golf/appointment/appointmentInfo.do,,
201,강원,평창군,용평버치힐골프클럽,모나용평㈜,평창군 대관령면 올림픽로 715,18,회원제,1522-3111,https://www.yongpyong.co.kr/kor/golf/clubGuide/birchhillIntro.do,,
202,강원,평창군,휘닉스 컨트리클럽,㈜휘닉스중앙,평창군 봉평면 태기로 227-84,18,회원제,1577-0755,https://phoenixhnr.co.kr,,
203,강원,평창군,휘닉스대중골프장,㈜휘닉스중앙,평창군 봉평면 태기로 227-84,6,대중제,1577-0755,https://phoenixhnr.co.kr,,
204,강원,홍천군,비콘힐스골프클럽,우신물산㈜,홍천군 홍천읍 높은터로 533,18,대중제,033-439-5000,https://www.beaconhills.co.kr/,,
205,강원,홍천군,샤인데일골프&리조트,세안레져산업㈜,홍천군 서면 한서로 247-156,27,대중제,033-430-1000,https://www.shinedale.com/,,
206,강원,홍천군,세이지우드CC홍천,와이케이디벨롭먼트㈜,홍천군 두촌면 광석로 898-160,27,비회원제,033-439-1000,https://www.sagewood.co.kr/hongcheon/main,,
207,강원,홍천군,소노펠리체 컨트리클럽 비발디파크 마운틴,㈜소노인터내셔널,홍천군 서면 한치골길 264,9,대중제,1644-0063,https://www.sonofelicecc.com/,,
208,강원,홍천군,소노펠리체 컨트리클럽 비발디파크 웨스트,㈜소노인터내셔널,홍천군 서면 한치골길 200,18,대중제,1644-0063,https://www.sonofelicecc.com/,,
209,강원,홍천군,소노펠리체 컨트리클럽 비발디파크 이스트,㈜소노인터내셔널,홍천군 서면 한치골길 541-123,18,대중제,1644-0063,https://www.sonofelicecc.com/,,
210,강원,홍천군,카스카디아 골프클럽,㈜유니골프앤리조트,홍천군 북방면 팔봉산로 1759,27,비회원제,033-430-0000,https://cascadia.kr/,,
211,강원,홍천군,클럽모우골프 &라이프스타일,㈜와이에이치레저개발,홍천군 서면 장락동길 111,27,대중제,033-439-9000,https://www.clubmow.com/,,
212,강원,홍천군,힐드로사이컨트리클럽,㈜이지아이아이앤디,홍천군 남면 한서로 2840,18,대중제,033-439-3300,https://www.hilldeloci.co.kr/,,
213,강원,횡성군,동원썬밸리컨트리클럽,성운개발㈜,횡성군 서원면 서원서로339번길 90,18,대중제,033-344-5308,https://www.sunvalley.co.kr/dongwon/golf/intro,,
214,강원,횡성군,벨라45 오너스 컨트리클럽,㈜벨라비손,횡성군 서원면 창촌리 산132,18,회원제,1551-2745,https://www.bella45.com/,,
215,강원,횡성군,벨라45마스터스 컨트리클럽,㈜섬강레저,횡성군 서원면 창촌리 산124,27,대중제,1551-2745,https://www.bella45.com/masters/swp/location,,
216,강원,횡성군,벨라스톤컨트리클럽,(주)진원,횡성군 서원면 옥계9길 124,18,대중제,033-340-9000,https://www.bellastonecc.com/,,
217,강원,횡성군,알프스대영컨트리클럽,삼대양레저㈜,횡성군 우천면 한우로 1295,18,대중제,033-340-8000,https://www.alpsdy.com/main/,,
218,강원,횡성군,올데이 옥스필드,주식회사 에스엘세레스,횡성군 서원면 경강로 유현6길 28,18,대중제,033-340-7700,https://www.alldayresort.com/club/club_ox.asp,,
219,강원,횡성군,웰리힐리컨트리클럽,신안종합리조트㈜,횡성군 둔내면 고원로 451,36,회원제,1544-8833,https://www.wellihillipark.com/,,
220,강원,횡성군,웰리힐리퍼블릭,신안종합리조트㈜,횡성군 둔내면 고원로 451,10,비회원제,1544-8833,https://www.wellihillipark.com/,,
221,경북,경산시,대구C.C,경산개발㈜ 우승수,경상북도 경산시 진량읍 일연로 718-42,27,회원제,053-854-0002,https://www.daegucc.co.kr/,,
222,경북,경산시,인터불고컨트리클럽,인터불고컨트리클럽㈜ 최만수,경상북도 경산시 삼성현로 614-26,27,회원제,070-8797-7885,https://www.interburgocc.com/,,
223,경북,경주시,가든골프클럽,㈜코오롱글로텍 김영범,경상북도 경주시 불국로 289-17,9,대중제,054-746-7900,https://kolongolf.com/swp/club,,
224,경북,경주시,경주C.C,보문개발㈜ 박흥국,경상북도 경주시 보문로 182-98,27,대중제,054-778-8900,https://www.kyongjugolf.co.kr/,,
225,경북,경주시,경주신라C.C,㈜경주신라CC 박태일,경상북도 경주시 보문로 319,36,회원제,054-740-7114,https://sillacc.co.kr/,,
226,경북,경주시,골프존카운티 감포,㈜지씨감포 서상현,경상북도 경주시 감포읍 동해안로 1819-59,18,대중제,054-777-9000,http://www.golfzoncounty.com/gampo/main,,
227,경북,경주시,디아너스C.C,㈜강동씨앤엘 구희택 강대완,경상북도 경주시 보불로 391,27,회원제,054-776-9889,https://gj.kangdongcnl.com/,,
228,경북,경주시,마우나오션C.C,㈜엠오디 장재혁,경상북도 경주시 양남면 동남로 982,18,회원제,054-740-0678,https://www.mauna.co.kr,,
229,경북,경주시,마우나오션블루,㈜엠오디 장재혁,경상북도 경주시 양남면 동남로 982,9,대중제,054-740-0678,https://www.mauna.co.kr,,
230,경북,경주시,보문G.C,경북문화관광공사 김남일,경상북도 경주시 보문로 182-14,18,대중제,054-745-1680,https://golf.gtc.co.kr/,,
231,경북,경주시,서라벌G.C,㈜서라벌 김광세,경상북도 경주시 외동읍 내외로 577-189,36,대중제,054-773-7000,https://www.seorabolgc.com/index,,
232,경북,경주시,서라벌G.C,㈜디아너스 이명숙,경상북도 경주시 외동읍 내외로 577-189,9,대중제,054-773-7000,https://www.seorabolgc.com/index,,
233,경북,경주시,선리치G.C,㈜월성종합개발 이상걸,경상북도 경주시 안강읍 검단장골길 181-17,9,대중제,054-777-3333,https://www.sunrichgc.com/,,
234,경북,경주시,안강레전드G.C,옥산개발㈜ 허상호 김태열,경상북도 경주시 안강읍 낙산길 85,9,대중제,054-760-0707,https://www.legendgolf.co.kr/,,
235,경북,경주시,우리G.C,㈜퍼블릭개발 조영래,경상북도 경주시 양남면 동남로 972,9,대중제,054-740-0800,https://www.urigolfclub.co.kr/,,
236,경북,경주시,이스트힐C.C,㈜청학씨앤디 성세연,경상북도 경주시 양남면 외남로 1377,18,대중제,054-775-1700,,,
237,경북,경주시,힐스카이C.C,㈜힐스카이 고진호,경상북도 경주시 천북면 천강로 412-299,24,대중제,1811-0770,https://www.hillskycc.com/,,
238,경북,고령군,다산 샤인힐CC,두강건설㈜ 이정익,경상북도 고령군 다산면 벌지로 175-115,18,대중제,,,,
239,경북,고령군,대가야CC,㈜흥진레저 심병재,경상북도 고령군 대가야읍 대가야로 1103,9,대중제,054-956-0009,https://www.daegayacc.com/,,
240,경북,고령군,마스터피스CC,㈜누가개발 김인자,경상북도 고령군 쌍림면 산막길 47-80,18,대중제,054-955-7575,https://www.masterpiecegc.com/,,
241,경북,고령군,유니밸리C.C,고령컨트리클럽㈜ 정성운,경상북도 고령군 고령읍 일량로 588,9,대중제,054-956-7575,http://www.univalley.co.kr/,,
242,경북,구미시,골프존카운티 구미,㈜지씨구미 서상현,경상북도 구미시 산동면 강동로 953-74,18,대중제,054-473-8161,https://www.golfzoncounty.com/golfclub/main?golfclubSeq=50,,
243,경북,구미시,골프존카운티 선산,㈜지씨선산 서상현,경상북도 구미시 산동면 강동로 953-73,18,회원제,054-473-6200,https://sunsan.golfzoncounty.com/,,
244,경북,구미시,구미C.C,신구미개발㈜ 박병웅,경상북도 구미시 장천면 송백로 229,27,대중제,054-470-6800,https://www.gumicc.com/,,
245,경북,김천시,애플밸리C.C,에스엠하이플러스㈜ 우기원,경상북도 김천시 어모면 작점로 606,9,대중제,054-429-0700,http://applevalley.co.kr/,,
246,경북,김천시,포도C.C,㈜다옴 이세홍,경상북도 김천시 구성면 남김천대로 2532,27,대중제,054-420-0200,https://www.podocc.com/,,
247,경북,문경시,문경레저타운골프장,㈜문경레저타운 정광호,경상북도 문경시 마성면 문경골프장길 240,18,대중제,054-550-5000,https://www.mgle.co.kr/,,
248,경북,상주시,뉴스프링빌Ⅱ,㈜동승레저 김용식 홍건표,경상북도 상주시 모서면 백화로 40,18,대중제,054-450-2800,https://sangju.newspring.co.kr/,,
249,경북,상주시,블루원상주골프리조트,㈜블루원 윤재연,경상북도 상주시 모서면 화현3길 127,18,대중제,1899-1888,https://sj.blueone.com/,,
250,경북,안동시,남안동C.C,디아이개발㈜ 박춘영,경상북도 안동시 일직면 풍일로 1887,18,회원제,054-850-2800,http://www.namandongcc.com/,,
251,경북,안동시,안동레이크골프클럽,경북문화관광공사 김남일,경상북도 안동시 관광단지로 316,18,대중제,054-821-9191,https://hugreen.gtc.co.kr/,,
252,경북,안동시,안동리버힐C.C,오이코스산업㈜ 이옥춘,경상북도 안동시 풍천면 풍일로 1572,18,회원제,054-843-0000,http://www.xn--2q1bm4ioscnwnx4w.com/,,
253,경북,영덕군,오션비치C.C,㈜오션비치 박재선,경상북도 영덕군 강구면 동해대로 4265-43,27,대중제,054-730-9000,https://www.oceanbeachcc.com/,,
254,경북,영천시,시엘G.C,㈜금호개발 김도윤,경상북도 영천시 청통면 청통로 334-41,9,대중제,054-336-7200,https://www.cielgolf.com/,,
255,경북,영천시,영천C.C,임고개발㈜ 이승도,경상북도 영천시 임고면 방목길 34-2,27,회원제,054-330-9000,https://www.oceanhills.com/pagesite/yeongcheon/,,
256,경북,영천시,오펠G.C,부성개발㈜ 구성식,경상북도 영천시 고경면 호국로 1221-24,27,회원제,054-333-2100,https://www.ophelgc.com/_YeongCheon/,,
257,경북,영천시,청통골프장,㈜골프존카운티영천 서상현㈜골프존카운티 서상현,경상북도 영천시 청통면 청통로 733,18,대중제,054-339-8000,http://www.golfzoncounty.com/cheongtong,,
258,경북,예천군,한맥C.C&노블리아,한맥개발㈜ 임기주,경상북도 예천군 호명면 한맥골프장길 72,18,대중제,054-650-7000,https://www.hmcn.co.kr/,,
259,경북,울진군,마린CC,울진군수,경상북도 울진군 매화면 매화로 115-99,18,대중제,054-781-0000,https://www.marinecc.co.kr/,,
260,경북,의성군,엠스클럽의성,㈜바이오컨트리클럽 이하수 민병소,경상북도 의성군 봉양면 농공마전길 125-78,18,대중제,054-830-3300,https://www.msclub.co.kr/,,
261,경북,의성군,엠스클럽의성,대지개발㈜ 문병동,경상북도 의성군 봉양면 농공마전길 125-78,9,대중제,054-830-3300,https://www.msclub.co.kr/,,
262,경북,의성군,파라지오C.C,㈜파라지오 최정헌 정영권,경상북도 의성군 봉양면 농공마전길 167,18,대중제,054-833-6200,https://www.paragio.co.kr/,,
263,경북,청도군,그레이스C.C,㈜태왕아너스 이명숙,경상북도 청도군 이서면 서녁길 91,27,대중제,054-370-3000,http://www.grace-cc.co.kr/,,
264,경북,청도군,오션힐스청도G.C,유창개발㈜ 이승도,경상북도 청도군 매전면 곰티로 370-204,18,대중제,054-373-5600,https://www.oceanhills.com/index_cheongdo.asp,,
265,경북,청도군,펜타뷰골프클럽,아리유㈜ 이건순,경상북도 청도군 금천면 금천로 709,9,대중제,1644-8053,https://www.pentaview.co.kr/,,
266,경북,칠곡군,마이다스 구미 골프아카데미,㈜대교디앤에스 최득희,경상북도 칠곡군 가산면 학하2길 54-171,9,대중제,054-970-3700,https://www.gasancc.com/,,
267,경북,칠곡군,세븐밸리C.C,㈜세븐밸리제이씨 강기백,경상북도 칠곡군 왜관읍 봉계3길 180,18,대중제,054-979-1000,https://www.sevenvalley.co.kr/,,
268,경북,칠곡군,칠곡아이위시C.C,㈜동화레져 문종혁,경상북도 칠곡군 기산면 노석1길 49-112,9,대중제,054-970-9700,https://www.iwishcc.com/,,
269,경북,칠곡군,파미힐스C.C,㈜한길 황광재 임충서으 김형일,경상북도 칠곡군 왜관읍 봉계로 263,36,회원제,054-971-9900,http://www.palmyhillscc.co.kr,,
270,경북,포항시,오션힐스포항C.C,오션힐스골프앤리조트㈜ 이승도,경상북도 포항시 북구 송라면 대전길 7,18,회원제,054-262-9988,https://www.oceanhills.com/,,
271,경북,포항시,오션힐스포항C.C,오션힐스골프앤리조트㈜ 이승도,경상북도 포항시 북구 송라면 대전길 7,9,대중제,054-262-9988,https://www.oceanhills.com/,,
272,경북,포항시,청하이스턴C.C,㈜이스턴 이일선,경상북도 포항시 청하면 용산길 94,9,대중제,054-253-0070,https://easterncc.co.kr/,,
273,경북,포항시,포항C.C,㈜홍익레저산업 김청룡,경상북도 포항시 송라면 동해대로 2751번길 123,18,대중제,054-230-2000,https://www.pohangcc.com/,,
274,전남,영광군,에콜리안영광골프장,영광군수,영광군 영광읍 월현로 1길 40,9,대중제,1800-9399,https://www.ecolian.or.kr/,,
275,전남,영광군,웨스트오션CC,대호관광개발㈜,영광군 백수읍 해안로 1362-70,18,대중제,061-350-2000,https://www.westoceancc.co.kr/,,
276,전남,영암군,cosmos 1,㈜파크카운티,영암군 삼호읍 에프원로 121-4,18,대중제,061-818-4000,https://www.cosmoslinks.kr/,,
277,전남,영암군,골프존카운티 영암,㈜썬카운티㈜콜프존카운티,영암군 삼호읍 에프원로 121-1,45,대중제,061-460-6000,https://golfzoncounty.com/golfclub/main?golfclubSeq=59,,
278,전남,장흥군,JNJ골프리조트,정남진골프리조트㈜,장흥군 장평면 제산기동로 326,27,대중제,061-860-9000,https://www.jnjgolfresort.co.kr/,,
279,전남,전남,골드레이크CC,임대형,전남 나주시 남평읍 나주호로 442-129,18,대중제,061-339-3000,https://www.goldlake.co.kr/,,
280,전남,전남,골드레이크CC,임대형,전남 나주시 남평읍 나주호로 442-129,18,회원제,061-339-3000,https://www.goldlake.co.kr/,,
281,전남,전남,골프존카운티,서상현,전남 순천시 주암면 행정1길 77,36,대중제,061-729-8888,https://golfzoncounty.com/golfclub/main?golfclubSeq=57,,
282,전남,전남,광양CC,반재경,전남 광양시 가야로 223,6,대중제,061-817-0707,http://www.gygc.kr,,
283,전남,전남,광주CC,고혁주 이영,전남 곡성군 옥과면 입면로 455,27,회원제,061-339-7100,https://www.kjcc.co.kr/,,
284,전남,전남,나주CC,김천종,전남 나주시 공산면 상방신포길 154-32,9,대중제,061-335-7722,http://najucc.com/,,
285,전남,전남,나주힐스CC,김태식,전남 나주시 공산면 삼방신포길 160-27,9,대중제,061-337-5700,https://najuhills.com/,,
286,전남,전남,다산베아채골프&리조트,이애자,전남 강진군 도암면 학장용산길 101,27,대중제,061-430-9999,https://www.beachegolf.com/,,
287,전남,전남,디오션CC,김종관,전남 여수시 화양면 안포리 1917,18,대중제,061-689-0400,https://theoceanresort.co.kr/,,
288,전남,전남,레이나CC,차성만,전남 담양군 담양읍 깊은실길 169,18,대중제,061-380-7500,https://www.reinacc.co.kr/,,
289,전남,전남,르오네뜨CC,김양석,전남 곡성군 오산면 오산로 819-126,9,대중제,061-362-2500,https://www.lehonnetecc.com/,,
290,전남,전남,무등산CC,박만주,전남 화순군 화순읍 오성로 292-90,27,대중제,061-379-1111,https://www.mudeungsancc.com/,,
291,전남,전남,무안CC,최재훈 최영곤,전남 무안군 청계면 도대리 818,54,대중제,061-450-9000,http://www.muangc.co.kr/,,
292,전남,전남,백양우리CC,김승룡,전남 장성군 북이면 사거리 752-1,9,대중제,061-392-2300,https://www.woori-cc.co.kr/,,
293,전남,전남,베르힐컨트리클럽,문금환,전남 함평군 대동면 대동길 408,27,대중제,061-320-6000,https://www.verthillcc.co.kr/,,
294,전남,전남,보성CC,박지영,전남 보성군 조성면 대곡리 1117,18,대중제,061-804-1000,https://www.bosungcc.co.kr/,,
295,전남,전남,보성에덴CC,안병태,전남 보성군 보성읍 쾌상리 1385,9,대중제,061-852-2200,http://www.edencc.co.kr/,,
296,전남,전남,세이지우드 여수경도,김승건,전남 여수시 대경도길 111,27,대중제,061-660-1000,https://www.sagewood.co.kr/yeosu/main,,
297,전남,전남,순천CC,임종욱,전남 순천시 별량면 동화사길 85,9,대중제,061-720-0000,http://suncheoncc.co.kr/,,
298,전남,전남,순천부영CC,최양환,전남 순천시 해룡면 신대로 188,18,대중제,061-816-5533,https://scbooyoungcc.co.kr/,,
299,전남,전남,아크로CC,박현재,전남 영암군 금정면 안적동길 403,27,대중제,061-470-7700,http://www.acrogolf.co.kr/,,
300,전남,전남,엘리체CC,류채봉,전남 화순군 춘양면 장곡길 55,18,회원제,061-373-5511,https://www.elichecc.co.kr/,,
301,전남,전남,엘리체CC,류채봉,전남 함평군 학교면 서당매길 242,27,대중제,061-320-7700,http://hpelichecc.co.kr/,,
302,전남,전남,여수시티파크골프&호텔,김영한,전남 여수시 좌수영로 641,18,대중제,061-808-8000,http://www.citypark.co.kr/,,
303,전남,전남,옥과기안CC,김삼종,전남 곡성군 옥과면 소룡리 427-2,9,대중제,061-363-9700,https://www.kiancc.co.kr/,,
304,전남,전남,조아밸리CC,조우석,전남 화순군 도곡면 고인돌2로 450,9,대중제,061-370-9000,https://www.joavalleycc.co.kr/,,
305,전남,전남,죽향CC,한정수,전남 담양군 창평면 창평로 159,9,대중제,061-382-7200,https://www.jhcc.co.kr/,,
306,전남,전남,창평CC,김형준,전남 담양군 창평면 오강리 27-2,9,대중제,061-380-8800,https://cppc.co.kr/,,
307,전남,전남,천지CC,정유신,전남 함평군 함장로 889-11,9,대중제,061-322-0000,https://www.hpnabicc.co.kr/,,
308,전남,전남,클린밸리CC,조영희,전남 무안군 청계면 태봉길 33-100,18,대중제,061-452-3100,http://www.muancleanvalley.com/,,
309,전남,전남,파인힐스CC,이화영,전남 순천시 주암면 송강사길 99,27,대중제,061-750-9000,https://www.pinehills.co.kr/,,
310,전남,전남,포라이즌,김정수,전남 순천시 별량면 오실길 333,27,회원제,061-740-8000,,,
311,전남,전남,푸른솔 골프클럽,유순태,전남 장성군 동화면 임정로 155,27,대중제,061-399-6000,https://www.purunsolgc.co.kr/,,
312,전남,전남,해피니스CC,차재진,전남 나주시 다도면 다도로 171-60,18,대중제,061-330-5000,https://www.happinesscc.com/,,
313,전남,전남,해피니스CC,차재진,전남 나주시 다도면 다도로 171-60,18,회원제,061-330-5000,https://www.happinesscc.com/,,
314,전남,전남,화순CC,최창식,전남 화순군 도곡면 천태로 1000-151,27,회원제,061-373-9955,https://www.hwasuncc.co.kr/,,
315,전남,해남군,솔라시도CC,피앤지에이개발㈜,해남군 산이면 산이로 2247,18,대중제,061-530-9500,https://www.solaseadocc.com/,,
316,전남,해남군,오시아노골프클럽,한국관광공사,해남군 화원면 시아로 224,9,대중제,061-530-7700,https://www.pinebeachcc.co.kr/,,
317,전남,해남군,파인비치골프링크스,파인비치㈜,해남군 화원면 시아로 224,18,대중제,061-530-7700,https://www.pinebeachcc.co.kr,,
318,경남,거제시,거제드비치골프클럽,드비치골프클럽㈜최석분,거제시 장목면 거제북로 1573,18,회원제,055-736-3000,https://www.debeach.co.kr,,
319,경남,거제시,거제뷰컨트리클럽,㈜경암 김기만,거제시 거제면 두동로 259-80,18,대중제,055-639-2222,https://www.geojeview.co.kr,,
320,경남,거창군,거창친환경대중골프장,거창군수,거창군 가조면 우륵길 410-284,9,대중제,055-940-7978,https://www.geochang.go.kr/golf/,,
321,경남,거창군,클럽디거창,㈜이도 최정훈,거창군 신원면 덕산리 산 13번지,27,대중제,055-945-2222,https://www.clubd.com/geochang/index.do,,
322,경남,고성군,고성노벨컨트리클럽,고성관광개발㈜박광환 최경훈,고성군 회화면 회진로 567,27,회원제,055-670-8000,https://www.nobelcc.co.kr,,
323,경남,고성군,고성컨트리클럽,㈜ 쌍 마김기석,고성군 고성읍 월평3길 250,9,대중제,1666-0072,http://www.gosungcc.com,,
324,경남,김해시,가야컨트리클럽,가야개발㈜김영섭,김해시 인제로 495,45,회원제,055-337-0091,http://www.gayacc.com,,
325,경남,김해시,가야컨트리클럽,가야개발㈜김영섭,김해시 인제로 495,9,대중제,055-337-0091,http://www.gayacc.com,,
326,경남,김해시,김해상록컨트리클럽,공무원연금공단김동극,김해시 한림면 김해대로 974번길 198,18,대중제,055-340-1400,,,
327,경남,김해시,김해정산컨트리클럽,정산개발㈜김호철,김해시 주촌면 서부로 1637번길 299-194,27,회원제,055-338-8300,https://www.jeongsancc.co.kr,,
328,경남,김해시,포웰CC 김해,㈜메가비엠씨손주은 김기종,김해시 진례면 고모로 134번길 54-49,18,회원제,055-340-9000,https://www.4wellcc.com,,
329,경남,남해군,사우스케이프오너스클럽,㈜사우스케이프강경수,남해군 창선면 흥선로 1545,18,비회원제,1644-0280,https://www.southcape.co.kr,,
330,경남,남해군,아난티남해CC,㈜아난티이만규,남해군 남면 남서대로 1179번길 40-109,9,대중제,055-860-0100,https://ananti.kr/ko/namhae/golfclub/information,,
331,경남,남해군,아난티남해GC,㈜아난티이만규,남해군 남면 남서대로 1179번길 40-109,9,대중제,055-860-0100,https://ananti.kr/ko/namhae/golfclub/information,,
332,경남,밀양시,리더스컨트리클럽,㈜리더스컨트리클럽석은경 김현상,밀양시 활성로 455,27,대중제,055-350-3000,https://www.leaderscc.com,,
333,경남,밀양시,밀양노벨컨트리클럽,㈜밀양관광개발우정수,밀양시 단장면 단장로 946,18,대중제,055-359-8500,https://www.miryangnobelcc.co.kr,,
334,경남,밀양시,밀양에스파크골프리조트,밀양관광단지조성사업단㈜ 손호영,밀양시 단장면 미촌리 889,18,대중제,055-353-5513,https://www.s-parkresort.co.kr,,
335,경남,밀양시,밀양컨트리클럽,㈜밀양컨트리클럽임경주,밀양시 부북면 전사포리 832,9,대중제,055-350-3300,http://www.miryangcc.co.kr,,
336,경남,사천시,골프존카운티 사천,㈜지씨사천서상현,사천시 서포면 구송로 151,27,대중제,055-851-5001,https://www.golfzoncounty.com/golfclub/main?golfclubSeq=56,,
337,경남,사천시,삼삼컨트리클럽,삼삼레져개발㈜박 명식,사천시 축동면 화당산로 224,9,대중제,055-958-3333,https://www.samsamcc.co.kr/,,
338,경남,사천시,서경타니CC,타니골프엔리조트㈜ 윤철지,사천시 곤양면 흥신로 210,27,대중제,055-831-7000,http://www.tanicc.co.kr/,,
339,경남,사천시,서경타니CC,타니골프엔리조트㈜ 윤철지,사천시 곤양면 흥신로 210,9,대중제,055-831-7000,http://www.tanicc.co.kr/,,
340,경남,양산시,다이아몬드컨트리클럽,다이아몬드컨트리클럽㈜  문 호,양산시 상북면 공원로 305-391,18,대중제,055-392-0700,https://www.diamondcc.co.kr/,,
341,경남,양산시,동부산컨트리클럽,㈜동부산컨트리클럽최성필,양산시 매곡외산로 282,27,회원제,055-388-1315,http://www.dongpusancc.co.kr/,,
342,경남,양산시,양산동원로얄CC,㈜아시아드종합개발이대림,양산시 어실로 380-45,18,대중제,055-389-7000,https://www.dongwonroyalcc.co.kr/,,
343,경남,양산시,양산컨트리클럽,㈜양산컨트리클럽최병호,양산시 상북면 충렬로 687,27,대중제,055-379-0000,http://www.yangsancc.co.kr/,,
344,경남,양산시,에덴밸리컨트리클럽,신세계개발㈜문성필,양산시 원동면 어실로 910,18,회원제,055-379-8000,https://golf.edenvalley.co.kr/,,
345,경남,양산시,에이원컨트리클럽,에이원컨트리클럽㈜ 이경재,양산시 덕명로 190,27,회원제,055-371-3500,https://www.a-onecc.co.kr/,,
346,경남,양산시,통도파인이스트컨트리클럽,㈜동일리조트김은수 김천욱,양산시 하북면 신평남부길 78-130,36,회원제,055-370-1300,,,
347,경남,의령군,의령 리온컨트리클럽,우신레저㈜남경현,의령군 칠곡면 지굴산로 101-33,27,대중제,055-570-7000,https://rieoncc.co.kr/,,
348,경남,의령군,의령친환경골프장,의령군수,의령군 의령읍 남강로 417,9,대중제,055-570-2900,https://golf.uiryeong.go.kr/,,
349,경남,진주시,진주컨트리클럽,진주개발㈜성세연,진주시 진성면 진성로 464번길 82,18,대중제,055-758-0400,https://www.chinjucc.co.kr/,,
350,경남,창녕군,부곡컨트리클럽,현일개발㈜배영환,창녕군 부곡면 온천로 445,18,회원제,055-521-0707,https://www.bkcc.co.kr/,,
351,경남,창녕군,힐마루컨트리클럽,㈜ 동 훈김점동,창녕군 장마면 영산계성로 469-195,18,회원제,055-520-8000,https://www.hillmaru.com/,,
352,경남,창녕군,힐마루컨트리클럽,㈜ 동 훈김점동,창녕군 장마면 영산계성로 469-195,18,대중제,055-520-8000,https://www.hillmaru.com/,,
353,경남,창원시,아라미르골프앤리조트,㈜진해오션리조트최정호,창원시 진해구 수제로 36,36,비회원제,055-548-9999,https://www.ara-mir.com/,,
354,경남,창원시,용원컨트리클럽,용원개발㈜최정호,창원시 진해구 가주로 133,27,회원제,055-552-0080,http://ywcc.co.kr/,,
355,경남,창원시,창원컨트리클럽,㈜창원컨트리클럽 신진기,창원시 의창구 대봉로 137,18,회원제,055-288-4112,https://changwoncountryclub.co.kr/,,
356,경남,통영시,통영동원로얄컨트리클럽,동원관광개발㈜류경규,통영시 산양읍 담안길 240,18,대중제,055-640-5000,https://www.dongwonresort.co.kr/,,
357,경남,함안군,골프존카운티 경남,㈜지씨경남서상현,함안군 칠원면 운무로 470,18,대중제,055-589-8888,https://www.golfzoncounty.com/golfclub/main?golfclubSeq=49,,
358,경남,함양군,경남스카이뷰CC,(주)경남관광호텔김도연 김종현,함양군 서상면 소로길 226,18,대중제,055-960-7000,https://www.skyviewcc.co.kr/,,
359,경남,합천군,아델스코트 컨트리클럽,㈜에이스컨트리클럽이종훈,합천군 가야면 가조가야로 1916-35,27,대중제,055-930-7777,http://www.adelscott.co.kr/,,
360,충북,단양군,대호단양cc,황호현,단양군 매포읍 고양5길 43,18,대중제,043-420-7100,http://www.daehocc.co.kr/,,
361,충북,보은군,클럽디보은,최정훈,보은군 보은읍 장속중초로 386,18,대중제,043-540-8888,https://www.clubd.com/boeun/,,
362,충북,보은군,클럽디속리산,최정훈,보은군 탄부면 평각상장로 230,18,대중제,043-540-8000,https://www.clubd.com/songnisan/,,
363,충북,영동군,일라이트 컨트리클럽,전문수,영동군 영동읍 매천리 산 35-1,18,대중제,043-740-0000,https://illitegolfnresort.co.kr/,,
364,충북,음성군,감곡CC,심천보,음성군 감곡면 문촌리 산81-6,18,대중제,043-882-1600,https://www.gamgokcc.com/,,
365,충북,음성군,레인보우힐스,정인환,음성군 생극면 차생로 168,27,대중제,043-879-7950,http://www.rainbowhills.co.kr/,,
366,충북,음성군,모나크cc,서남종,음성군 금왕읍 대금로 1851번길 3-14,18,대중제,043-927-1400,https://monarchcc.co.kr/,,
367,충북,음성군,썬밸리cc,이성주,음성군 삼성면 법말길 49,18,대중제,043-881-5307,https://www.sunvalley.co.kr/,,
368,충북,음성군,음성 힐데스하임cc,김정선,음성군 소이면 후미리 산40-4,27,대중제,043-750-4000,https://www.hildesheimcc.cc/,,
369,충북,음성군,젠스필드cc,이상균,음성군 삼성면 덕호로 382,18,대중제,043-880-1000,http://www.zensfield.com/,,
370,충북,음성군,진양밸리cc,이종현,음성군 삼성면 금일로 1195,27,대중제,043-880-8000,https://www.chinyangvalley.co.kr/,,
371,충북,음성군,코스카cc,허흥영,음성군 음성읍 동음로 318,27,대중제,043-870-1000,https://www.koscacc.kr/,,
372,충북,제천시,에콜리안제천,조현재,제천시 고암동 송학 주천로 102,9,대중제,043-642-9474,https://www.ecolian.or.kr/,,
373,충북,제천시,킹즈락cc,정성훈,제천시 천남동 내토로7길 136,27,대중제,043-640-9000,https://www.kingsrockcc.com/,,
374,충북,증평군,블랙스톤cc,원성역,증평군 도안면 벼루재길 334,18,대중제,043-926-1000,https://belleforetresort.com/content/golf_blackstone,,
375,충북,진천군,골프존카운티 진천cc,서상현,진천군 진천읍 송강로 783-51,27,대중제,043-531-3000,https://www.golfzoncounty.com/golfclub/main?golfclubSeq=4,,
376,충북,진천군,골프존카운티 화랑cc,서상현,진천군 문백면 농다리로 809,18,대중제,043-539-5001,https://www.golfzoncounty.com/golfclub/main?golfclubSeq=52,,
377,충북,진천군,아난티 중앙골프클럽,이대현,진천군 백곡면 배티로 818-105,27,회원제,043-533-6666,https://ananti.kr/ko/joongang/JOAN0104,,
378,충북,진천군,천 룡cc,윤진동,진천군 이월면 진안로 347-123,27,회원제,043-536-1001,https://www.crcc.co.kr/,,
379,충북,진천군,천 룡cc,윤진동,진천군 이월면 진안로 425,9,대중제,043-536-2211,https://www.crcc.co.kr/,,
380,충북,진천군,히든밸리cc,정현숙,진천군 백곡면 소토골길 61,27,대중제,043-539-7900,https://www.hiddenvalley.co.kr/,,
381,충북,청주시,골드나인cc,정우석,청주시 청원구 낭성면 산성로 1520-17,9,대중제,043-229-1000,http://gold-9.co.kr/,,
382,충북,청주시,그랜드cc,임재풍,청주시 청원군 오창읍 꽃화산길 14,27,회원제,043-212-7111,https://www.grandgolf.co.kr/,,
383,충북,청주시,떼제베운영,김명신,청주시 흥덕구 옥산면 동림2길 149,36,대중제,043-230-4000,https://www.adtgv.co.kr/,,
384,충북,청주시,세레니티cc,김주영,청주시 서원구 남이면 문곡구절골길 235,18,회원제,043-277-5000,https://www.serenitycc.co.kr/,,
385,충북,청주시,세레니티cc,김주영,청주시 서원구 남이면 산막리 산 128,9,비회원제,043-277-5000,https://www.serenitycc.co.kr/,,
386,충북,청주시,오창 에딘버러,오형근 윤종묵,청주시 청원구 오창읍 두릉유리로 846,9,대중제,043-210-1900,https://www.ochangedincc.com/,,
387,충북,청주시,이븐데일cc,홍승우,청주시 상당구 미원면 대신2길 31,18,대중제,043-288-1000,https://www.evendale.co.kr/,,
388,충북,충주시,대영베이스cc,권혁희,충주시 대소원면 성종두담길 113,18,대중제,043-850-8600,https://basecc.co.kr/,,
389,충북,충주시,대영힐스cc,권혁희,충주시 대소원면 성종두담길 114,27,대중제,043-850-8600,https://basecc.co.kr/,,
390,충북,충주시,동 촌cc,한명희,충주시 노은면 감노로 1327,18,대중제,043-722-0707,https://www.dongchongc.co.kr/,,
391,충북,충주시,로얄포레cc,구정현,충주시 신니면 화치3길 35,18,대중제,043-853-5555,https://www.royalforet.com/,,
392,충북,충주시,세 일cc,권민수,충주시 신니면 동락길 207,18,대중제,043-841-6000,https://www.seilcc.co.kr/,,
393,충북,충주시,센테리움cc,조형득,충주시 노은면 솔고개로 750,27,대중제,043-849-7000,http://www.centeriumcc.com/,,
394,충북,충주시,스 타cc,변재길,충주시 앙성면 상대촌1길 198,18,회원제,043-724-9000,https://www.starcc.net/,,
395,충북,충주시,시그너스cc,김영란 강석무,충주시 앙성면 중방곡길 57-44,9,대중제,043-857-5001,https://cygnuscc.com/,,
396,충북,충주시,시그너스cc,강석무,충주시 앙성면 중방곡길 57-44,18,대중제,043-857-5001,https://cygnuscc.com/,,
397,충북,충주시,올데이 골프앤리조트,서향기,충주시 앙성면 비내길 189,27,대중제,043-851-5500,https://www.alldaygolf.co.kr/,,
398,충북,충주시,일레븐cc,김정태,충주시 앙성면 본평리 산 43-1,18,대중제,0507-1348-3502,http://www.elevencc.co.kr/,,
399,충북,충주시,임페리얼레이크,서향기,충주시 금가면 다래울길 52,18,대중제,043-853-5555,https://www.alldaygolf.co.kr/,,
400,충북,충주시,중 원cc,김영민,충주시 산척면 인등로 392,27,대중제,043-849-8000,https://www.joongwongolf.co.kr/,,
401,충북,충주시,킹스데일cc,정지완 김종해,충주시 주덕면 기업도시3로 2,18,대중제,043-870-4100,https://www.kingsdale.co.kr/,,
402,제주,서귀포시,SK핀크스,SK핀크스㈜,제주특별자치도 서귀포시 안덕면 산록남로 863,18,회원제,064-792-8000,https://www.thepinx.co.kr/,,
403,제주,서귀포시,SK핀크스,SK핀크스㈜,제주특별자치도 서귀포시 안덕면 산록남로 863,9,대중제,064-792-8000,https://www.thepinx.co.kr/,,
404,제주,서귀포시,나인브릿지,CJ대한통운주식회사,제주특별자치도 서귀포시 안덕면 광평로 34-156,18,회원제,064-793-9999,https://www.ninebridges.co.kr/,,
405,제주,서귀포시,나인브릿지,CJ대한통운주식회사 (박근희) / 임대 _ 나인브릿지 퍼블릭,제주특별자치도 서귀포시 안덕면 광평로 34-156,6,대중제,064-793-9999,https://www.ninebridges.co.kr/,,
406,제주,서귀포시,더클래식CC,㈜더클래식CC,제주특별자치도 서귀포시 남원읍 남조로 1105,18,대중제,064-766-7100,http://www.theclassicresort.com/,,
407,제주,서귀포시,롯데스카이힐제주,㈜호텔롯데,제주특별자치도 서귀포시 상예로 530,18,회원제,064-731-2000,https://www.lotteskyhill.com/,,
408,제주,서귀포시,롯데스카이힐제주,㈜호텔롯데,제주특별자치도 서귀포시 상예로 530,18,대중제,064-731-2000,https://www.lotteskyhill.com/,,
409,제주,서귀포시,볼카노골프앤리조트,㈜볼카노골프앤리조트,제주특별자치도 서귀포시 산록남로 1391,27,회원제,1533-3888,https://www.volcanocc.co.kr/,,
410,제주,서귀포시,부영CC,주식회사 부영CC,제주특별자치도 서귀포시 남원읍 남조로 960,27,대중제,064-766-5500,http://www.booyoungcc.co.kr/,,
411,제주,서귀포시,사이프러스골프,남영산업㈜,제주특별자치도 서귀포시 번영로 2300,18,회원제,064-787-8888,https://www.cypress.co.kr/,,
412,제주,서귀포시,사이프러스골프,남영산업㈜,제주특별자치도 서귀포시 번영로 2300,18,대중제,064-787-8888,https://www.cypress.co.kr/,,
413,제주,서귀포시,샤인빌파크CC,㈜록,제주특별자치도 서귀포시 표선면 가시로 384,18,대중제,064-787-8700,https://www.shinevilleparkcc.com/,,
414,제주,서귀포시,서귀포팬텀 골프앤리조트,서귀포팬텀골프앤리조트,제주특별자치도 서귀포시 산록남로 2914,18,대중제,064-766-7777,https://wooridulresort.com/,,
415,제주,서귀포시,스프링데일,㈜동국개발,제주특별자치도 서귀포시 남원읍 서성로 459,18,대중제,064-800-8000,https://www.springdale.co.kr/,,
416,제주,서귀포시,중문GC,한국관광공사,제주특별자치도 서귀포시 중문관광로 72번길 60,18,대중제,064-738-1202,https://jungmungolf.visitkorea.or.kr/,,
417,제주,서귀포시,캐슬렉스제주,㈜캐슬렉스제주,제주특별자치도 서귀포시 안덕면 평화로 1241,18,회원제,064-793-6688,https://castlexjj.com/,,
418,제주,서귀포시,캐슬렉스제주,㈜캐슬렉스제주,제주특별자치도 서귀포시 안덕면 평화로 1241,9,대중제,064-793-6688,https://castlexjj.com/,,
419,제주,서귀포시,테디밸리,㈜제이에스엔에프개발,제주특별자치도 서귀포시 한창로 365,18,회원제,064-793-1000,http://www.teddyvalley.com/,,
420,제주,서귀포시,해비치CC,해비치호텔앤드리조트㈜,제주특별자치도 서귀포시 남원읍 원님로 399번길 319,18,회원제,064-780-8000,https://www.haevichi.com/ccjeju/ko/,,
421,제주,서귀포시,해비치CC,해비치호텔앤드리조트㈜,제주특별자치도 서귀포시 남원읍 원님로 399번길 319,18,대중제,064-780-8000,https://www.haevichi.com/ccjeju/ko/,,
422,제주,제주시,㈜그랜드부민 꿈드림목장,㈜그랜드부민 꿈드림목장,제주특별자치도 제주시 516로 2596-117,9,대중제,,,,
423,제주,제주시,골프존카운티오라,글래드호텔앤리조트㈜ (박명신)㈜골프존카운티,제주특별자치도 제주시 오라남로 130-16,18,회원제,064-747-5100,https://ora.golfzoncounty.com/,,
424,제주,제주시,골프존카운티오라,글래드호텔앤리조트㈜ (박명신)㈜골프존카운티,제주특별자치도 제주시 오라남로 130-16,18,대중제,064-747-5100,https://ora.golfzoncounty.com/,,
425,제주,제주시,그린필드GC,㈜형삼문,제주특별자치도 제주시 조천읍 번영로 1040-70,18,회원제,064-720-7000,https://kimcaddie.com/,,
426,제주,제주시,더시에나CC,㈜시에나컨트리클럽,제주특별자치도 제주시 516로 2695,18,대중제,064-702-2999,https://thesiena.co.kr/,,
427,제주,제주시,라온골프클럽,라온레저개발㈜,제주특별자치도 제주시 한경면 용금로 998,27,대중제,064-795-8000,https://www.raon.co.kr/,,
428,제주,제주시,라헨느CC,라헨느리조트㈜,제주특별자치도 제주시 봉개동 241-13,18,회원제,064-754-9000,http://www.lareine.co.kr/,,
429,제주,제주시,블랙스톤제주,㈜블랙스톤리조트,제주특별자치도 제주시 한창로 925-122,18,회원제,064-795-2121,https://www.blackstoneresort.com/jj/,,
430,제주,제주시,블랙스톤제주,㈜블랙스톤리조트,제주특별자치도 제주시 한창로 925-122,9,회원제,064-795-2121,https://www.blackstoneresort.com/jj/,,
431,제주,제주시,아난티클럽제주,㈜아난티한라,제주특별자치도 제주시 선유로 445-55,9,회원제,064-786-3800,https://ananti.kr/ko/jeju/golfclub/information,,
432,제주,제주시,아난티클럽제주,㈜아난티한라,제주특별자치도 제주시 선유로 445-55,27,대중제,064-786-3800,https://ananti.kr/ko/jeju/golfclub/information,,
433,제주,제주시,아덴힐,아덴힐리조트앤골프㈜,제주특별자치도 제주시 화전길 82,18,대중제,064-730-7000,https://ardenhill.co.kr/,,
434,제주,제주시,에버리스CC,신안관광개발㈜,제주특별자치도 제주시 평화로 1693-75,18,회원제,064-795-5000,http://www.everis.co.kr/,,
435,제주,제주시,에버리스CC,신안관광개발㈜,제주특별자치도 제주시 평화로 1693-75,9,대중제,064-795-5000,http://www.everis.co.kr/,,
436,제주,제주시,에코랜드,㈜더원,제주특별자치도 제주시 조천읍 번영로 1278-169,27,대중제,064-802-8000,https://www.ecolandjeju.co.kr/,,
437,제주,제주시,엘리시안제주,GS건설㈜,제주특별자치도 제주시 평화로 1738-116,18,회원제,064-798-7001,https://www.elysian.co.kr/,,
438,제주,제주시,엘리시안제주,GS건설㈜,제주특별자치도 제주시 평화로 1738-116,18,대중제,064-798-7001,https://www.elysian.co.kr/,,
439,제주,제주시,크라운CC,(재)관정이종환재단,제주특별자치도 제주시 조천읍 북선로 125,27,대중제,064-784-4811,https://www.jejucrowncc.com/,,
440,제주,제주시,타미우스cc,㈜타미우스,제주특별자치도 제주시 애월읍 화전길 201,27,회원제,064-793-0707,https://tameuscc.co.kr/,,
441,제주,제주시,플라자CC,한화호텔앤드리조트㈜,제주특별자치도 제주시 명림로 575-107,9,대중제,064-727-9000,https://www.plazacc.co.kr/,,
442,제주,제주시,한라산CC,㈜부건,제주특별자치도 제주시 선돌목동길 56-46,18,대중제,064-748-7151,,,
443,전북,고창군,고창CC,동호레저㈜,전북특별자치도 고창군 심원면 애향갯벌로 70,21,대중제,063-560-7744,http://www.gochangcc.co.kr/,,
444,전북,고창군,골프존카운티선운,㈜골프존카운티,전북특별자치도 고창군 아산면 운곡로 418,18,대중제,063-560-2000,https://sunwoon.golfzoncounty.com/,,
445,전북,고창군,석정힐CC,석정레저㈜,전북특별자치도 고창군 고창읍 석정2로 192,18,대중제,063-560-7000,https://hillcc.com/,,
446,전북,군산시,군산CC,군산레저산업㈜,전북특별자치도 군산시 옥서면 남산군로 1685,81,대중제,063-472-3355,https://www.gunsancc.net/,,
447,전북,김제시,김제스파힐스CC,㈜티엠지개발,전북특별자치도 김제시 온천길 37,18,대중제,063-547-8300,https://www.spahillscc.co.kr/,,
448,전북,김제시,더나인골프클럽,부흥산업개발㈜,전북특별자치도 김제시 금구면 대화1길 8-75,9,대중제,063-548-3650,https://www.theninegc.co.kr/,,
449,전북,김제시,아네스빌CC,유한책인회사 벽원레저개발,전북특별자치도 김제시 황산면 높은메길 160-39,9,대중제,063-547-1553,https://www.anesville.co.kr/,,
450,전북,김제시,에스페란사GC,에스페란사GC,전북특별자치도 김제시 금구면 낙산로 120,9,대중제,,,,
451,전북,남원시,골프존 카운티 드래곤,신한레저㈜,전북특별자치도 남원시 대산면 대사로 498,18,대중제,063-630-3000,https://dragon.golfzoncounty.com/,,
452,전북,남원시,골프존 카운티 드래곤,골프존카운티㈜,전북특별자치도 남원시 대산면 대사로 498,9,대중제,063-630-3000,https://dragon.golfzoncounty.com/,,
453,전북,남원시,남원상록골프장,공무원연금공단,전북특별자치도 남원시 대산면 월계길 11,18,대중제,063-630-1400,https://www.sangnokresort.co.kr/,,
454,전북,무주군,골프존카운티무주,㈜케이제이클럽(유현식)㈜골프존카운티,전북특별자치도 무주군 안성면 장무로 1537-21,18,대중제,063-320-3200,https://muju.golfzoncounty.com/,,
455,전북,무주군,무주덕유산CC,㈜무주덕유산리조트,전북특별자치도 무주군 설천면 만선로 185,18,회원제,063-322-9000,https://www.mdysresort.com/,,
456,전북,순창군,금과골프장,금과관광레저타운,전북특별자치도 순창군 금과면 담순로 716,6,대중제,063-653-9100,,,
457,전북,순창군,디케이레저,㈜순창씨씨(CC),전북특별자치도 순창군 순창읍 금산로 152,9,대중제,063-652-8000,,,
458,전북,완주군,OKCC,㈜오케이,전북특별자치도 완주군 소양면 화심리 300,9,대중제,063-711-5555,https://okcc.co.kr/,,
459,전북,완주군,케이밸리컨트리클럽,스마트시티(유)(김한주)(유)미래로골프,전북특별자치도 완주군 운주면 산북리 65-4,9,대중제,063-263-3555,https://www.kvalleycc.co.kr/,,
460,전북,익산시,상떼힐CC,익산관광개발㈜,전북특별자치도 익산시 무왕로38길 111,6,대중제,063-835-2521,http://www.santehill.co.kr/,,
461,전북,익산시,웅포컨트리클럽,㈜베어포트리조트,전북특별자치도 익산시 웅포면 강변로 130,18,대중제,063-720-7000,https://www.bearportcc.co.kr/,,
462,전북,익산시,익산컨트리클럽,익산관광개발㈜,전북특별자치도 익산시 무왕로38길 111,18,대중제,063-835-2521,https://santehill.co.kr/,,
463,전북,익산시,포세븐금강컨트리클럽,포세븐금강 컨트리클럽㈜,전북특별자치도 익산시 웅포면 강변로 130,18,대중제,063-720-7777,https://www.fourseven.co.kr/,,
464,전북,임실군,전주샹그릴라CC,광산관광개발㈜,전북특별자치도 임실군 신덕면 수지로 559-90,27,회원제,063-643-1000,https://www.jeonjucc.co.kr/,,
465,전북,장수군,장수골프리조트,장수레저㈜,전북특별자치도 장수군 계남면 장안산로 303,18,대중제,063-350-1000,https://www.jangsugolf.com/,,
466,전북,전주시,전주월드컵골프장,전주시장,전북특별자치도 전주시 덕진구 온고을로 672,9,대중제,063-239-2670,https://golf.jjss.or.kr/,,
467,전북,정읍시,내장산골프&리조트,㈜대일내장산 컨트리클럽,전북특별자치도 정읍시 첨단과학로 476,18,대중제,063-570-7700,https://www.naejangsancc.com/,,
468,전북,정읍시,태인CC,우진관광개발㈜,전북특별자치도 정읍시 태인면 상증길 28,18,대중제,063-532-7200,https://www.taeincc.co.kr/,,
469,전북,정읍시,태인CC,우진관광개발㈜,전북특별자치도 정읍시 태인면 상증길 28,9,대중제,063-532-7200,https://www.taeincc.co.kr/,,
470,전북,진안군,써미트CC,㈜써미트,전북특별자치도 진안군 부귀면 부귀로 72-161,27,대중제,063-432-5000,http://www.summitcc.co.kr/,,
471,충남,공주시,계룡산골프장,계룡산골프장,공주시 계룡면 아랫난댕이길 17(내흥리),9,대중제,041-858-9667,https://www.gyeryongsangolf.com/,,
472,충남,공주시,골드리버CC,㈜웅진,공주시 의당면 신정말길 67-133(청룡리),9,대중제,041-856-7100,http://www.goldrivercc.com/,,
473,충남,공주시,프린세스 골프클럽,공주개발,공주시 정안면 방자들길 81-50(인풍리),18,대중제,041-851-6300,http://www.princessgc.co.kr/,,
474,충남,금산군,에딘버러 컨트리클럽,(주)부토,금산군 진산면 살구정길 167,18,회원제,041-750-0114,http://www.edinburgh.co.kr/,,
475,충남,논산시,더힐 컨트리클럽,㈜일상,논산시 상월면 선비로 1079,9,대중제,041-736-2580,https://thehill.co.kr/,,
476,충남,당진시,파나시아 골프클럽,만진집단㈜,당진시 신평면 계명길 33,9,대중제,041-350-0900,https://www.panaceagc.com/,,
477,충남,당진시,파인스톤 컨트리클럽,㈜동양관광레저,당진시 송산면 무수들길 90,18,대중제,041-350-0000,https://www.pinestonecc.com/,,
478,충남,당진시,플라밍고C.C,최영수,당진시 석문면 산단8로 299,30,대중제,041-353-3000,https://www.flamingocc.co.kr/,,
479,충남,동남구,마론컨트리클럽,㈜마론,동남구 북면 납안5길 74,18,대중제,041-623-5555,http://maronnewday.com/,,
480,충남,목천읍,우정힐스 컨트리클럽,그린나래㈜,목천읍 충절로 1048-68,18,회원제,041-559-6630,http://whcc.kolon.co.kr/,,
481,충남,병천면,골프존카운티 천안,㈜지씨천안,병천면 매성2길 103,18,대중제,041-558-9900,https://www.golfzoncounty.com/,,
482,충남,보령시,보령베이스CC,㈜대천리조트,보령시 옥마벚길 10,9,대중제,041-939-3800,https://www.boryeongbase.co.kr/,,
483,충남,보령시,에스앤 골프리조트,㈜에스앤골프리조트,보령시 남포면 양항리 650-2,9,대중제,041-934-0100,https://www.sngolfresort.co.kr/,,
484,충남,부여군,㈜호텔롯데 스카이힐 부여CC,㈜호텔롯데,부여군 규암면 백제문로 470,18,대중제,1533-1227,https://www.lotteskyhill.com/club/course/club-course-buyeo,,
485,충남,부여군,백제컨트리클럽,백제컨트리클럽㈜,부여군 은산면 충절로 3734-82,27,대중제,041-830-0700,http://www.baekjecc.com/,,
486,충남,서산시,서산수 골프앤리조트,서산수골프앤리조트,서산시 대산읍 삼길포7로 8,18,대중제,041-689-7700,https://www.seosansoo.com/,,
487,충남,선장면,도고컨트리 구락부,㈜도고칸추리크럽,선장면 삼봉산길 188,18,회원제,041-542-4411,https://www.dogocc.co.kr/,,
488,충남,수신면,천안상록 골프장,공무원연금관리공단,수신면 수신로 576,27,대중제,041-560-9114,https://www.sangnokresort.co.kr/,,
489,충남,연무읍,아리스타 CC,대양레져산업개발㈜,연무읍 황화정리 산100,18,대중제,041-741-0100,https://www.aristacc.co.kr/,,
490,충남,영인면,에스지아름다운골프&리조트,㈜단톡,영인면 영인산로 440,27,대중제,041-536-8000,https://www.arumdaunresort.com/,,
491,충남,예산군,내포골프클럽,(주)내포개발,예산군 삽교읍 산수길 242(목리 1420),9,대중제,,,,
492,충남,태안군,골든베이골프&리조트,㈜셀럽골프앤리조트,태안군 근흥면 정선포로 217,27,대중제,041-671-8000,https://www.goldenbay.kr/,,
493,충남,태안군,로얄링스1,로얄링스㈜,태안군 태안읍 반곡길 284,18,대중제,041-670-0300,https://royallinks.co.kr/,,
494,충남,태안군,로얄링스2,로얄링스㈜,태안군 태안읍 반곡길 284,18,대중제,041-670-0300,https://royallinks.co.kr/,,
495,충남,태안군,솔라고CC1,㈜현대도시개발 일진레저㈜,태안군 태안읍 소곳이길 92-234,18,대중제,041-670-8888,http://sollago.co.kr/,,
496,충남,태안군,솔라고CC2,㈜현대도시개발 일진레저㈜,태안군 태안읍 소곳이길 92-234,18,대중제,041-670-8888,http://sollago.co.kr/,,
497,충남,태안군,스톤비치컨트리클럽,㈜스톤비치,태안군 근흥면 갈음이길 88,18,대중제,041-670-7000,http://stonebeach-cc.com/,,
498,인천,인천시,강화 선두리 골프장,㈜강호개발,인천시 강화군 해안남로 474번길 59,9,대중제,,,,
499,인천,인천시,골프존카운티 송도 골프장,㈜골프존카운티,인천시 연수구 인천신항대로 1120,18,대중제,032-830-8888,https://www.golfzoncounty.com/golfclub/main?golfclubSeq=68,,
500,인천,인천시,드림파크골프장,수도권매립지관리공사,인천시 서구 거월로 61,36,대중제,032-560-1700,https://www.dreamparkcc.or.kr/,,
501,인천,인천시,베르힐CC 영종,KB부동산신탁㈜㈜세계한상드림아일랜드,인천시 중구 한상중앙로 66(중산동),36,대중제,032-257-8000,https://www.verthillccyj.com/,,
502,인천,인천시,베어즈베스트청라골프클럽,㈜블루아일랜드개발,인천시 서구 청라대로 316번길 45,27,대중제,032-560-2000,https://www.bearsbestcheongnagc.com/,,
503,인천,인천시,석모도컨트리클럽,해륜개발㈜,인천시 강화군 어류정길 177,18,대중제,,,,
504,인천,인천시,송도골프클럽,㈜송도골프,인천시 연수구 능허대로 236,8,대중제,032-833-0500,https://www.songdogolf.co.kr/,,
505,인천,인천시,오렌지듄스 영종골프클럽,㈜영종오렌지,인천시 중구 운서동 2850-43번지 일원,18,대중제,032-745-3000,https://www.orangedunesyj.com/,,
506,인천,인천시,인천국제컨트리클럽,㈜신태진,인천시 서구 도요지로 37,18,회원제,032-562-6666,https://www.incheoncc.com:1436/,,
507,인천,인천시,인천그랜드컨트리클럽,㈜동군,인천시 서구 원석로 195,18,대중제,032-584-3111,https://www.incheongrand.cc/,,
508,인천,인천시,잭 니클라우스 골프클럽 코리아,㈜ 포스코 O&M,인천시 연수구 아카데미로 209,18,회원제,032-850-8000,http://www.jacknicklausgolfclubkorea.com/,,
509,인천,인천시,클럽72(바다),㈜케이엠에이치 신라레저 ㈜파주컨트리클럽 옥산레저㈜,인천시 중구 공항동로 392,63,대중제,1599-0072,https://www.onetheclub.com/club72/main,,
510,인천,인천시,클럽72(하늘),㈜케이엠에이치 신라레저 ㈜파주컨트리클럽 옥산레저㈜,인천시 중구 공항동로135번길 267,18,대중제,1599-0072,https://www.onetheclub.com/club72/main,,
511,부산,강서구,하이스트컨트리클럽,㈜정상개발,부산광역시 강서구 과학산단1로 172,9,대중제,051-314-7000,https://www.highestcc.co.kr/,,
512,부산,강서구,해라컨트리클럽,㈜성우알앤디,부산광역시 강서구 과학산단로 306번길 77,9,대중제,051-973-7400,https://www.haeracc.co.kr/,,
513,부산,금정구,동래베네스트골프클럽,삼성물산㈜,부산광역시 금정구 하정로 66,18,회원제,051-580-0300,https://rnc.samsungcnt.com/business/golf/dongrae/index.html,,
514,부산,금정구,부산컨트리클럽,(사)부산컨트리클럽,부산광역시 금정구 중앙대로2327번길 11,18,회원제,051-509-0707,http://www.bscc.co.kr/,,
515,부산,기장군,기장동원로얄컨트리클럽,㈜남양종합개발,부산광역시 기장군 기장읍 반송로 1345-52,9,대중제,051-750-6000,https://www.dongwongolf.co.kr/,,
516,부산,기장군,베이사이드골프클럽,일광개발㈜,부산광역시 기장군 일광읍 이천8길 100,27,회원제,051-930-0000,https://www.bayside.co.kr/,,
517,부산,기장군,스톤게이트컨트리클럽,㈜오션디앤씨 일광개발,부산광역시 기장군 일광읍 곡천길 317,18,대중제,051-722-7000,https://www.stonegatecc.co.kr/,,
518,부산,기장군,아시아드컨트리클럽,삼성물산㈜,부산광역시 기장군 일광읍 차양길 26,27,회원제,051-720-6000,https://www.asiadcc.co.kr/,,
519,부산,기장군,해운대비치골프앤리조트,해운대비치골프앤리조트㈜,부산광역시 기장군 기장읍 대변로 74,18,회원제,051-726-0707,https://www.haeundaebeachcc.com/,,
520,부산,기장군,해운대컨트리클럽,경원개발㈜,부산광역시 기장군 정관면 병산2로 265,27,회원제,051-726-8000,https://haeundaecc.co.kr/,,
521,울산,북구,베이스타즈CC,새정스타즈,북구 미포산업로 800,18,대중제,052-280-8800,https://www.baystars.co.kr/,,
522,울산,울주군,더골프골프장,고암개발,울주군 서생면 용연길 206-52,18,대중제,052-240-0100,https://www.thegolfclub.co.kr/,,
523,울산,울주군,보라골프장,반도개발,울주군 삼동면 삼동로 404,27,회원제,052-255-1000,https://www.boracc.com/,,
524,울산,울주군,삼남골프장,삼남,울주군 삼남면 방기가천로 179,9,대중제,055-372-0050,http://goldgreen.co.kr/,,
525,울산,울주군,오르비스골프클럽,㈜산양,울주군 온양읍 망양리 산14-9,18,대중제,052-939-2000,https://www.orvis.club/,,
526,울산,울주군,울산골프장,울산개발,울주군 웅촌면 웅촌로 1,27,회원제,052-225-0707,http://www.ulsancc.co.kr/,,
527,대구,군위군,구니컨트리클럽,케이알스포츠㈜,대구광역시 군위군 군위읍 도군로 2450,18,대중제,054-380-0000,https://www.gunicc.co.kr/,,
528,대구,군위군,오펠골프클럽,신우개발㈜,대구광역시 군위군 산성면 부흥로 227,18,대중제,054-380-8000,https://www.ophelgc.com/_Gunwi/,,
529,대구,군위군,이지스카이컨트리클럽,㈜이지컨트리클럽,대구광역시 군위군 군위읍 대흥1길 48-100,18,대중제,054-380-9200,https://easyskycc.co.kr/,,
530,대구,달성군,냉천컨트리클럽,냉천개발㈜,대구광역시 달성군 가창면 가창로 1037-9,9,대중제,053-768-5511,https://www.nc-golf.co.kr/,,
531,대구,동구,팔공컨트리클럽,우경개발㈜,대구광역시 동구 팔공산로 237길 186,18,회원제,053-982-8080,https://www.palgong-cc.co.kr/,,
532,광주,광산구,어등산컨트리클럽,(주)어등산리조트대표이사 고경주,광주광역시 광산구 무진대로 31(운수동),27,대중제,062-605-3000,https://www.eodeungsancc.com/,,
533,광주,광산구,에콜리안광산골프장,국민체육진흥공단이사장,광주광역시 광산구 오목내길 26(연산동),9,대중제,062-960-1500,,,
534,광주,남구,빛고을컨트리클럽,광주광역시도시공사사장,광주광역시 남구 효우로 153(노대동),9,대중제,062-672-7400,https://www.bitgoeulcc.co.kr/,,
535,대전,대전,금실대덕밸리CC,정영숙,대전 유성구 테크노중앙로 210(용산동 676번지),9,대중제,042-250-6565,https://www.hanmircc.com/,,
536,대전,대전,대덕복지센터,배재웅,대전 유성구 유성대로 1689번길 69(전민동 463번지),9,대중제,042-865-2263,https://www.diwc.or.kr/,,
537,대전,대전,유성컨트리클럽,강현모강은모,대전 유성구 현충원로 200(덕명동 215-7번지),18,회원제,042-822-7103,https://www.yscc.co.kr/,,
538,세종,전의면,세종레이캐슬골프&리조트,㈜자광홀딩스,세종특별자치시 전의면 의당전의로 252,27,대중제,044-279-3300,https://www.sjraycastle.com/,,
539,세종,전의면,세종에머슨컨트리클럽,세종에머슨㈜,세종특별자치시 전의면 운주산로 1510,27,회원제,044-862-4004,https://www.sejongemerson.co.kr/,,
540,세종,정안세종로,건설공제조합세종필드골프클럽,건설공제조합세종개발 주식회사,세종특별자치시 정안세종로  1569,18,대중제,044-861-5678,https://www.sejonggc.com/,,
541,서울,강서구,인서울27골프클럽,인서울27골프클럽(주),서울특별시 강서구 오정로 443-198,27,비회원제,02-6395-8000,https://inseoul27.co.kr/,,
